﻿"Address","Occurrences","Indexability","Indexability Status","Canonical Link Element 1","HTTP Canonical","Meta Robots 1","X-Robots-Tag 1","rel=""next"" 1","rel=""prev"" 1","HTTP rel=""next"" 1","HTTP rel=""prev"" 1"
"https://blackbird.docstation.co/?p=%2Flegal%2Fterms-of-service&h=https%3A%2F%2Fdocstation.co&r=&sid=HOTVIUAS&qs={}&cid=24497161","0","Indexable","","","","","","","","",""
"https://status.docstation.co/history/250cfaab56e5","0","Indexable","","","","","","","","",""
"https://blackbird.docstation.co/?p=%2Fsecurity&h=https%3A%2F%2Fdocstation.co&r=&sid=HOTVIUAS&qs={}&cid=87024426","0","Indexable","","","","","","","","",""
"https://status.docstation.co/history/f52e74126367","0","Indexable","","","","","","","","",""
"https://accounts.docstation.co/authorize?client_id=8rbCx1XV9cfU4XAQr5McVhVgJEiZh3KO&response_type=token%20id_token&response_mode=web_message&redirect_uri=https%3A%2F%2Fapp.docstation.co%2Fapi%2Faccount%2Fcallback&scope=openid%20profile%20email&state=KEEda4XW-gxpY9LdBaTneyW21u80Ntzl3UGE&nonce=fZNMClzhHk2oQFNfCr.v7MHhBiAG-j2b&prompt=none&auth0Client=eyJuYW1lIjoibG9jay5qcyIsInZlcnNpb24iOiIxMS4zMC4xIiwiZW52Ijp7ImF1dGgwLmpzIjoiOS4xNi4yIiwiYXV0aDAuanMtdWxwIjoiOS4xNi4yIn19","0","Indexable","","","","","","","","",""
"https://status.docstation.co/history/c647b42eb351","0","Indexable","","","","","","","","",""
"https://status.docstation.co/","0","Indexable","","","","","","","","",""
"https://status.docstation.co/history/26c6874c2f40","0","Indexable","","","","","","","","",""
"https://status.docstation.co/history","0","Indexable","","","","","","","","",""
"https://blackbird.docstation.co/?p=%2F&h=https%3A%2F%2Fdocstation.co&r=&sid=HOTVIUAS&qs={}&cid=32098627","0","Indexable","","","","","","","","",""
"https://blackbird.docstation.co/?p=%2Fsolutions%2Fhealth-plans&h=https%3A%2F%2Fdocstation.co&r=&sid=HOTVIUAS&qs={}&cid=51113981","0","Indexable","","","","","","","","",""
"https://app.docstation.co/login","0","Indexable","","","","","","","","",""
"https://blackbird.docstation.co/?p=%2Fsolutions%2Fhealth-plans&h=https%3A%2F%2Fdocstation.co&r=&sid=HOTVIUAS&qs={}&cid=45994053","0","Indexable","","","","","","","","",""
"https://status.docstation.co/history/92ccb529d9ff","0","Indexable","","","","","","","","",""
"https://status.docstation.co/history/339a6d9fa538","0","Indexable","","","","","","","","",""
"https://blackbird.docstation.co/?p=%2Fcompany&h=https%3A%2F%2Fdocstation.co&r=&sid=HOTVIUAS&qs={}&cid=8491885","0","Indexable","","","","","","","","",""
"https://blackbird.docstation.co/?p=%2F&h=https%3A%2F%2Fdocstation.co&r=&sid=HOTVIUAS&qs={}&cid=2348002","0","Indexable","","","","","","","","",""
"https://blackbird.docstation.co/?p=%2Ffeatures%2Fbilling-revenue&h=https%3A%2F%2Fdocstation.co&r=&sid=HOTVIUAS&qs={}&cid=69901883","0","Indexable","","","","","","","","",""
