﻿"Address","Occurrences","Indexability","Indexability Status","Canonical Link Element 1","HTTP Canonical","Meta Robots 1","X-Robots-Tag 1","rel=""next"" 1","rel=""prev"" 1","HTTP rel=""next"" 1","HTTP rel=""prev"" 1"
"https://help.docstation.co/en/articles/5374568-configuring-docstation-settings-for-claims-billing","1","Non-Indexable","Canonicalised","http://help.docstation.co/en/articles/5374568-configuring-docstation-settings-for-claims-billing","","","","","","",""
"https://help.docstation.co/en/articles/3828429-covid-19-assessment-task","1","Non-Indexable","Canonicalised","http://help.docstation.co/en/articles/3828429-covid-19-assessment-task","","","","","","",""
"https://help.docstation.co/en/articles/5374573-how-to-bill-a-claim","1","Non-Indexable","Canonicalised","http://help.docstation.co/en/articles/5374573-how-to-bill-a-claim","","","","","","",""
"https://help.docstation.co/en/articles/3063052-docstation-supported-browsers","1","Non-Indexable","Canonicalised","http://help.docstation.co/en/articles/3063052-docstation-supported-browsers","","","","","","",""
"https://help.docstation.co/en/articles/4490239-one-program-training","1","Non-Indexable","Canonicalised","http://help.docstation.co/en/articles/4490239-one-program-training","","","","","","",""
"https://help.docstation.co/en/articles/4684568-healthpartners-mtm-program-how-to-get-started","1","Non-Indexable","Canonicalised","http://help.docstation.co/en/articles/4684568-healthpartners-mtm-program-how-to-get-started","","","","","","",""
"https://help.docstation.co/en/articles/3829025-covid-19-education-resources","1","Non-Indexable","Canonicalised","http://help.docstation.co/en/articles/3829025-covid-19-education-resources","","","","","","",""
"https://help.docstation.co/en/articles/5076934-comprehensive-medication-review-task","1","Non-Indexable","Canonicalised","http://help.docstation.co/en/articles/5076934-comprehensive-medication-review-task","","","","","","",""
"https://help.docstation.co/en/collections/3067603-medical-billing","1","Non-Indexable","Canonicalised","http://help.docstation.co/en/collections/3067603-medical-billing","","","","","","",""
"https://help.docstation.co/en/articles/3836244-covid-19-information","1","Non-Indexable","Canonicalised","http://help.docstation.co/en/articles/3836244-covid-19-information","","","","","","",""
"https://help.docstation.co/en/","1","Non-Indexable","Canonicalised","http://help.docstation.co/en/","","","","","","",""
"https://help.docstation.co/en/collections/1838431-docstation-payment-programs","1","Non-Indexable","Canonicalised","http://help.docstation.co/en/collections/1838431-docstation-payment-programs","","","","","","",""
"https://help.docstation.co/en/articles/6177671-diabetes-eye-exam-assessment","1","Non-Indexable","Canonicalised","http://help.docstation.co/en/articles/6177671-diabetes-eye-exam-assessment","","","","","","",""
"https://help.docstation.co/en/collections/1838427-account-management","1","Non-Indexable","Canonicalised","http://help.docstation.co/en/collections/1838427-account-management","","","","","","",""
"https://help.docstation.co/en/articles/3094122-login-access-expired","1","Non-Indexable","Canonicalised","http://help.docstation.co/en/articles/3094122-login-access-expired","","","","","","",""
"https://help.docstation.co/en/collections/1609111-docstation-tasks","1","Non-Indexable","Canonicalised","http://help.docstation.co/en/collections/1609111-docstation-tasks","","","","","","",""
"https://help.docstation.co/en/articles/5076940-getting-started-with-claims-and-billing","1","Non-Indexable","Canonicalised","http://help.docstation.co/en/articles/5076940-getting-started-with-claims-and-billing","","","","","","",""
"https://help.docstation.co/en/articles/4151492-importing-a-csv-file","1","Non-Indexable","Canonicalised","http://help.docstation.co/en/articles/4151492-importing-a-csv-file","","","","","","",""
"https://help.docstation.co/en/articles/4381072-north-dakota-medicaid-mtm-program","1","Non-Indexable","Canonicalised","http://help.docstation.co/en/articles/4381072-north-dakota-medicaid-mtm-program","","","","","","",""
"https://help.docstation.co/en/articles/3063067-add-a-new-team-member-user","1","Non-Indexable","Canonicalised","http://help.docstation.co/en/articles/3063067-add-a-new-team-member-user","","","","","","",""
"https://help.docstation.co/en/articles/3028288-training-for-new-users","1","Non-Indexable","Canonicalised","http://help.docstation.co/en/articles/3028288-training-for-new-users","","","","","","",""
"https://help.docstation.co/en/collections/2222973-covid-19-resources","1","Non-Indexable","Canonicalised","http://help.docstation.co/en/collections/2222973-covid-19-resources","","","","","","",""
"https://help.docstation.co/en/articles/3472434-pharmacy-innovators-meetings-and-community-resources","1","Non-Indexable","Canonicalised","http://help.docstation.co/en/articles/3472434-pharmacy-innovators-meetings-and-community-resources","","","","","","",""
"https://help.docstation.co/en/articles/3063073-how-to-sign-up-for-docstation","1","Non-Indexable","Canonicalised","http://help.docstation.co/en/articles/3063073-how-to-sign-up-for-docstation","","","","","","",""
"https://help.docstation.co/en/articles/3636468-pharmacist-ecare-plans","1","Non-Indexable","Canonicalised","http://help.docstation.co/en/articles/3636468-pharmacist-ecare-plans","","","","","","",""
"https://help.docstation.co/en/articles/5359885-one-program-screening-follow-up-task","1","Non-Indexable","Canonicalised","http://help.docstation.co/en/articles/5359885-one-program-screening-follow-up-task","","","","","","",""
"https://help.docstation.co/en/articles/4499211-single-sign-on-sso-for-enterprise-accounts","1","Non-Indexable","Canonicalised","http://help.docstation.co/en/articles/4499211-single-sign-on-sso-for-enterprise-accounts","","","","","","",""
"https://help.docstation.co/en/articles/5168263-north-dakota-one-program-details","1","Non-Indexable","Canonicalised","http://help.docstation.co/en/articles/5168263-north-dakota-one-program-details","","","","","","",""
"https://help.docstation.co/en/collections/2461790-getting-started-with-docstation","1","Non-Indexable","Canonicalised","http://help.docstation.co/en/collections/2461790-getting-started-with-docstation","","","","","","",""
"https://help.docstation.co/en/articles/3063063-how-to-change-or-reset-your-password","1","Non-Indexable","Canonicalised","http://help.docstation.co/en/articles/3063063-how-to-change-or-reset-your-password","","","","","","",""
"https://help.docstation.co/en/articles/3028259-pharmacy-technicians-and-students","1","Non-Indexable","Canonicalised","http://help.docstation.co/en/articles/3028259-pharmacy-technicians-and-students","","","","","","",""
"https://help.docstation.co/en/articles/4677317-north-dakota-medicaid-mtm-program-how-to-get-started","1","Non-Indexable","Canonicalised","http://help.docstation.co/en/articles/4677317-north-dakota-medicaid-mtm-program-how-to-get-started","","","","","","",""
"https://help.docstation.co/en/articles/4677469-forwardhealth-mtm-program-how-to-get-started","1","Non-Indexable","Canonicalised","http://help.docstation.co/en/articles/4677469-forwardhealth-mtm-program-how-to-get-started","","","","","","",""
"https://help.docstation.co/en/articles/4169699-enabling-integrations","1","Non-Indexable","Canonicalised","http://help.docstation.co/en/articles/4169699-enabling-integrations","","","","","","",""
