﻿"Type","Source","Destination","Size (Bytes)","Alt Text","Anchor","Status Code","Status","Follow","Target","Rel","Path Type","Link Path","Link Position","Link Origin"
"Hyperlink","https://docstation.co/blog/the-future-of-pharmacy-is-value-based-part-two","https://blackbird.docstation.co/?p=%2Fblog%2Fthe-future-of-pharmacy-is-value-based-part-two&h=https%3A%2F%2Fdocstation.co&r=&sid=HOTVIUAS&qs={}&cid=2260530","118","","","403","","true","","","N/A","","","Rendered HTML"
"Hyperlink","https://docstation.co/legal/privacy-policy","https://blackbird.docstation.co/?p=%2Flegal%2Fprivacy-policy&h=https%3A%2F%2Fdocstation.co&r=&sid=HOTVIUAS&qs={}&cid=77466418","118","","","403","","true","","","N/A","","","Rendered HTML"
"Hyperlink","https://docstation.co/legal/terms-of-service","https://blackbird.docstation.co/?p=%2Flegal%2Fterms-of-service&h=https%3A%2F%2Fdocstation.co&r=&sid=HOTVIUAS&qs={}&cid=53953065","118","","","403","","true","","","N/A","","","Rendered HTML"
"Misc","https://docstation.co/blog/lessons-from-the-road","https://blackbird.docstation.co/?p=%2Fblog%2Flessons-from-the-road&h=https%3A%2F%2Fdocstation.co&r=&sid=HOTVIUAS&qs={}&cid=85281724","118","","","403","","true","","","N/A","","","Rendered HTML"
"Misc","https://docstation.co/blog/the-pharmacist-ecare-plan","https://blackbird.docstation.co/?p=%2Fblog%2Fthe-pharmacist-ecare-plan&h=https%3A%2F%2Fdocstation.co&r=&sid=HOTVIUAS&qs={}&cid=99442131","118","","","403","","true","","","N/A","","","Rendered HTML"
"Misc","https://docstation.co/legal/add-on-terms","https://blackbird.docstation.co/?p=%2Flegal%2Fadd-on-terms&h=https%3A%2F%2Fdocstation.co&r=&sid=HOTVIUAS&qs={}&cid=90615262","118","","","403","","true","","","N/A","","","Rendered HTML"
"Misc","https://docstation.co/blog/staying-sane-while-working-remotely-tips-from-a-healthcare-company","https://blackbird.docstation.co/?p=%2Fblog%2Fstaying-sane-while-working-remotely-tips-from-a-healthcare-company&h=https%3A%2F%2Fdocstation.co&r=&sid=HOTVIUAS&qs={}&cid=36006220","118","","","403","","true","","","N/A","","","Rendered HTML"
"Hyperlink","https://docstation.co/solutions","https://blackbird.docstation.co/?p=%2Fsolutions&h=https%3A%2F%2Fdocstation.co&r=&sid=HOTVIUAS&qs={}&cid=72433086","118","","","403","","true","","","N/A","","","Rendered HTML"
"Misc","https://docstation.co/blog/what-the-new-cms-proposed-rule-means-for-mtm-programs-in-2021","https://blackbird.docstation.co/?p=%2Fblog%2Fwhat-the-new-cms-proposed-rule-means-for-mtm-programs-in-2021&h=https%3A%2F%2Fdocstation.co&r=&sid=HOTVIUAS&qs={}&cid=95834128","118","","","403","","true","","","N/A","","","Rendered HTML"
"Misc","https://docstation.co/blog/meet-amanda","https://blackbird.docstation.co/?p=%2Fblog%2Fmeet-amanda&h=https%3A%2F%2Fdocstation.co&r=&sid=HOTVIUAS&qs={}&cid=56694463","118","","","403","","true","","","N/A","","","Rendered HTML"
"Hyperlink","https://docstation.co/legal/business-associate-agreement","https://blackbird.docstation.co/?p=%2Flegal%2Fbusiness-associate-agreement&h=https%3A%2F%2Fdocstation.co&r=&sid=HOTVIUAS&qs={}&cid=56371462","118","","","403","","true","","","N/A","","","Rendered HTML"
"Misc","https://docstation.co/blog/3","https://blackbird.docstation.co/?p=%2Fblog%2F3&h=https%3A%2F%2Fdocstation.co&r=&sid=HOTVIUAS&qs={}&cid=21032372","118","","","403","","true","","","N/A","","","Rendered HTML"
"Hyperlink","https://docstation.co/legal/privacy-policy","https://docstation.co/legal/integration-partner-agreement","0","","Integration Partner Agreement","404","","true","","","Root-Relative","//body/div/div[@id='gatsby-focus-wrapper']/div[3]/div/div/div[2]/div[4]/span/a","Content","HTML & Rendered HTML"
"Hyperlink","https://docstation.co/legal/business-associate-agreement","https://docstation.co/legal/integration-partner-agreement","0","","Integration Partner Agreement","404","","true","","","Root-Relative","//body/div/div[@id='gatsby-focus-wrapper']/div[3]/div/div/div[2]/div[4]/span/a","Content","HTML & Rendered HTML"
"Hyperlink","https://docstation.co/legal/responsible-disclosure","https://docstation.co/legal/integration-partner-agreement","0","","Integration Partner Agreement","404","","true","","","Root-Relative","//body/div/div[@id='gatsby-focus-wrapper']/div[3]/div/div/div[2]/div[4]/span/a","Content","HTML & Rendered HTML"
"Hyperlink","https://docstation.co/legal/terms-of-service","https://docstation.co/legal/integration-partner-agreement","0","","Integration Partner Agreement","404","","true","","","Root-Relative","//body/div/div[@id='gatsby-focus-wrapper']/div[3]/div/div/div[2]/div[4]/span/a","Content","HTML & Rendered HTML"
"Hyperlink","https://docstation.co/legal/add-on-terms","https://docstation.co/legal/integration-partner-agreement","0","","Integration Partner Agreement","404","","true","","","Root-Relative","//body/div/div[@id='gatsby-focus-wrapper']/div[3]/div/div/div[2]/div[4]/span/a","Content","HTML & Rendered HTML"
"Misc","https://docstation.co/blog/leveraging-technology-for-value-based-pharmacy-models","https://blackbird.docstation.co/?p=%2Fblog%2Fleveraging-technology-for-value-based-pharmacy-models&h=https%3A%2F%2Fdocstation.co&r=&sid=HOTVIUAS&qs={}&cid=69495574","118","","","403","","true","","","N/A","","","Rendered HTML"
"HTTP Redirect","http://help.docstation.co/en/articles/3496979-patient-profiles","https://help.docstation.co/en/articles/3496979-patient-profiles","0","","","401","","true","","","Absolute","","","HTTP"
"Misc","https://docstation.co/blog/meet-john","https://blackbird.docstation.co/?p=%2Fblog%2Fmeet-john&h=https%3A%2F%2Fdocstation.co&r=&sid=HOTVIUAS&qs={}&cid=3430896","118","","","403","","true","","","N/A","","","Rendered HTML"
"Hyperlink","https://docstation.co/features/value-based-pharmacy","https://blackbird.docstation.co/?p=%2Ffeatures%2Fvalue-based-pharmacy&h=https%3A%2F%2Fdocstation.co&r=&sid=HOTVIUAS&qs={}&cid=43802631","118","","","403","","true","","","N/A","","","Rendered HTML"
"Misc","https://docstation.co/blog/meet-aubree","https://blackbird.docstation.co/?p=%2Fblog%2Fmeet-aubree&h=https%3A%2F%2Fdocstation.co&r=&sid=HOTVIUAS&qs={}&cid=77875351","118","","","403","","true","","","N/A","","","Rendered HTML"
"Misc","https://docstation.co/blog/2","https://blackbird.docstation.co/?p=%2Fblog%2F2&h=https%3A%2F%2Fdocstation.co&r=&sid=HOTVIUAS&qs={}&cid=12474634","118","","","403","","true","","","N/A","","","Rendered HTML"
"Misc","https://docstation.co/blog/2","https://blackbird.docstation.co/?p=%2Fblog%2F2&h=https%3A%2F%2Fdocstation.co&r=&sid=HOTVIUAS&qs={}&cid=88732904","118","","","403","","true","","","N/A","","","Rendered HTML"
"Hyperlink","https://docstation.co/solutions/employers","https://blackbird.docstation.co/?p=%2Fsolutions%2Femployers&h=https%3A%2F%2Fdocstation.co&r=&sid=HOTVIUAS&qs={}&cid=26990623","118","","","403","","true","","","N/A","","","Rendered HTML"
"Hyperlink","https://docstation.co/","https://academic.oup.com/ajhp/article-abstract/75/10/613/5101947","93","","2","403","Forbidden","true","_blank","noopener noreferrer","Absolute","//body/div/div[@id='gatsby-focus-wrapper']/main/div[7]/div/div/div[5]/span[1]/sup/span/a","Content","HTML & Rendered HTML"
"Hyperlink","https://docstation.co/features/connectivity-integration","https://blackbird.docstation.co/?p=%2Ffeatures%2Fconnectivity-integration&h=https%3A%2F%2Fdocstation.co&r=&sid=HOTVIUAS&qs={}&cid=64050333","118","","","403","","true","","","N/A","","","Rendered HTML"
"Misc","https://docstation.co/legal/vendor-baa","https://blackbird.docstation.co/?p=%2Flegal%2Fvendor-baa&h=https%3A%2F%2Fdocstation.co&r=&sid=HOTVIUAS&qs={}&cid=63795120","118","","","403","","true","","","N/A","","","Rendered HTML"
"Misc","https://docstation.co/legal/add-on-terms","https://blackbird.docstation.co/?p=%2Flegal%2Fadd-on-terms&h=https%3A%2F%2Fdocstation.co&r=&sid=HOTVIUAS&qs={}&cid=78359354","118","","","403","","true","","","N/A","","","Rendered HTML"
"Hyperlink","https://docstation.co/legal/privacy-policy","https://docstation.co/legal/vendor-baa","0","","Vendor Business Associate Agreement","404","","true","","","Root-Relative","//body/div/div[@id='gatsby-focus-wrapper']/div[3]/div/div/div[2]/div[8]/span/a","Content","HTML & Rendered HTML"
"Hyperlink","https://docstation.co/legal/business-associate-agreement","https://docstation.co/legal/vendor-baa","0","","Vendor Business Associate Agreement","404","","true","","","Root-Relative","//body/div/div[@id='gatsby-focus-wrapper']/div[3]/div/div/div[2]/div[8]/span/a","Content","HTML & Rendered HTML"
"Hyperlink","https://docstation.co/legal/responsible-disclosure","https://docstation.co/legal/vendor-baa","0","","Vendor Business Associate Agreement","404","","true","","","Root-Relative","//body/div/div[@id='gatsby-focus-wrapper']/div[3]/div/div/div[2]/div[8]/span/a","Content","HTML & Rendered HTML"
"Hyperlink","https://docstation.co/legal/terms-of-service","https://docstation.co/legal/vendor-baa","0","","Vendor Business Associate Agreement","404","","true","","","Root-Relative","//body/div/div[@id='gatsby-focus-wrapper']/div[3]/div/div/div[2]/div[8]/span/a","Content","HTML & Rendered HTML"
"Hyperlink","https://docstation.co/legal/add-on-terms","https://docstation.co/legal/vendor-baa","0","","Vendor Business Associate Agreement","404","","true","","","Root-Relative","//body/div/div[@id='gatsby-focus-wrapper']/div[3]/div/div/div[2]/div[8]/span/a","Content","HTML & Rendered HTML"
"Misc","https://docstation.co/blog/meet-christine","https://blackbird.docstation.co/?p=%2Fblog%2Fmeet-christine&h=https%3A%2F%2Fdocstation.co&r=&sid=HOTVIUAS&qs={}&cid=92347204","118","","","403","","true","","","N/A","","","Rendered HTML"
"Hyperlink","https://docstation.co/features/value-based-pharmacy","https://blackbird.docstation.co/?p=%2Ffeatures%2Fvalue-based-pharmacy&h=https%3A%2F%2Fdocstation.co&r=&sid=HOTVIUAS&qs={}&cid=20534447","118","","","403","","true","","","N/A","","","Rendered HTML"
"Misc","https://docstation.co/legal/privacy-policy","https://docstation.co/page-data/legal/vendor-baa/page-data.json","0","","","404","Aborted","true","","","N/A","","","Rendered HTML"
"Misc","https://docstation.co/legal/business-associate-agreement","https://docstation.co/page-data/legal/vendor-baa/page-data.json","0","","","404","Aborted","true","","","N/A","","","Rendered HTML"
"Misc","https://docstation.co/legal/vendor-baa","https://docstation.co/page-data/legal/vendor-baa/page-data.json","0","","","404","Aborted","true","","","N/A","","","Rendered HTML"
"Misc","https://docstation.co/legal/responsible-disclosure","https://docstation.co/page-data/legal/vendor-baa/page-data.json","0","","","404","Aborted","true","","","N/A","","","Rendered HTML"
"Misc","https://docstation.co/legal/terms-of-service","https://docstation.co/page-data/legal/vendor-baa/page-data.json","0","","","404","Aborted","true","","","N/A","","","Rendered HTML"
"Misc","https://docstation.co/legal/add-on-terms","https://docstation.co/page-data/legal/vendor-baa/page-data.json","0","","","404","Aborted","true","","","N/A","","","Rendered HTML"
"Hyperlink","https://docstation.co/features/patient-case-management","https://blackbird.docstation.co/?p=%2Ffeatures%2Fpatient-case-management&h=https%3A%2F%2Fdocstation.co&r=&sid=HOTVIUAS&qs={}&cid=35866883","118","","","403","","true","","","N/A","","","Rendered HTML"
"Misc","https://docstation.co/blog/meet-amanda","https://blackbird.docstation.co/?p=%2Fblog%2Fmeet-amanda&h=https%3A%2F%2Fdocstation.co&r=&sid=HOTVIUAS&qs={}&cid=22483733","118","","","403","","true","","","N/A","","","Rendered HTML"
"Misc","https://docstation.co/blog/meet-simon","https://blackbird.docstation.co/?p=%2Fblog%2Fmeet-simon&h=https%3A%2F%2Fdocstation.co&r=&sid=HOTVIUAS&qs={}&cid=66276785","118","","","403","","true","","","N/A","","","Rendered HTML"
"Hyperlink","https://docstation.co/blog/the-future-of-pharmacy-is-value-based-part-two","https://blackbird.docstation.co/?p=%2Fblog%2Fthe-future-of-pharmacy-is-value-based-part-two&h=https%3A%2F%2Fdocstation.co&r=&sid=HOTVIUAS&qs={}&cid=4102313","118","","","403","","true","","","N/A","","","Rendered HTML"
"Misc","https://docstation.co/blog/meet-chris","https://blackbird.docstation.co/?p=%2Fblog%2Fmeet-chris&h=https%3A%2F%2Fdocstation.co&r=&sid=HOTVIUAS&qs={}&cid=50201273","118","","","403","","true","","","N/A","","","Rendered HTML"
"Hyperlink","https://docstation.co/features/clinical-intelligence","https://blackbird.docstation.co/?p=%2Ffeatures%2Fclinical-intelligence&h=https%3A%2F%2Fdocstation.co&r=&sid=HOTVIUAS&qs={}&cid=23568666","118","","","403","","true","","","N/A","","","Rendered HTML"
"Hyperlink","https://docstation.co/security","https://blackbird.docstation.co/?p=%2Fsecurity&h=https%3A%2F%2Fdocstation.co&r=&sid=HOTVIUAS&qs={}&cid=84167819","118","","","403","","true","","","N/A","","","Rendered HTML"
"Misc","https://docstation.co/blog/the-case-for-specialty-pharmacy-data-standards","https://blackbird.docstation.co/?p=%2Fblog%2Fthe-case-for-specialty-pharmacy-data-standards&h=https%3A%2F%2Fdocstation.co&r=&sid=HOTVIUAS&qs={}&cid=28602043","118","","","403","","true","","","N/A","","","Rendered HTML"
"Hyperlink","https://docstation.co/blog/pharmacists-on-the-front-line","https://www.pharmacist.com/press-release/apha-urges-insurers-pbms-immediately-remove-barriers-prescription-drug-refills","40781","","has released a statement","404","Not Found","true","","","Absolute","//body/div/div[@id='gatsby-focus-wrapper']/div[3]/div/div/div/div/p[5]/a","Content","HTML & Rendered HTML"
"Misc","https://docstation.co/blog/3","https://blackbird.docstation.co/?p=%2Fblog%2F3&h=https%3A%2F%2Fdocstation.co&r=&sid=HOTVIUAS&qs={}&cid=73522289","118","","","403","","true","","","N/A","","","Rendered HTML"
"Misc","https://docstation.co/blog/what-the-new-cms-proposed-rule-means-for-mtm-programs-in-2021","https://blackbird.docstation.co/?p=%2Fblog%2Fwhat-the-new-cms-proposed-rule-means-for-mtm-programs-in-2021&h=https%3A%2F%2Fdocstation.co&r=&sid=HOTVIUAS&qs={}&cid=64588604","118","","","403","","true","","","N/A","","","Rendered HTML"
"Misc","https://docstation.co/blog/docstation-released-to-pharmacy-innovators","https://blackbird.docstation.co/?p=%2Fblog%2Fdocstation-released-to-pharmacy-innovators&h=https%3A%2F%2Fdocstation.co&r=&sid=HOTVIUAS&qs={}&cid=56845937","118","","","403","","true","","","N/A","","","Rendered HTML"
"Misc","https://docstation.co/blog/pharmacists-on-the-front-line","https://blackbird.docstation.co/?p=%2Fblog%2Fpharmacists-on-the-front-line&h=https%3A%2F%2Fdocstation.co&r=&sid=HOTVIUAS&qs={}&cid=37422452","118","","","403","","true","","","N/A","","","Rendered HTML"
"Misc","https://docstation.co/blog/wait-can-pharmacists-bill-for-the-coronavirus-test","https://blackbird.docstation.co/?p=%2Fblog%2Fwait-can-pharmacists-bill-for-the-coronavirus-test&h=https%3A%2F%2Fdocstation.co&r=&sid=HOTVIUAS&qs={}&cid=24181902","118","","","403","","true","","","N/A","","","Rendered HTML"
"Misc","https://docstation.co/blog/meet-simon","https://blackbird.docstation.co/?p=%2Fblog%2Fmeet-simon&h=https%3A%2F%2Fdocstation.co&r=&sid=HOTVIUAS&qs={}&cid=36452003","118","","","403","","true","","","N/A","","","Rendered HTML"
"Misc","https://docstation.co/blog/staying-sane-while-working-remotely-tips-from-a-healthcare-company","https://blackbird.docstation.co/?p=%2Fblog%2Fstaying-sane-while-working-remotely-tips-from-a-healthcare-company&h=https%3A%2F%2Fdocstation.co&r=&sid=HOTVIUAS&qs={}&cid=52982923","118","","","403","","true","","","N/A","","","Rendered HTML"
"HTTP Redirect","http://help.docstation.co/en/articles/4785274-on-demand-tasks","https://help.docstation.co/en/articles/4785274-on-demand-tasks","0","","","401","","true","","","Absolute","","","HTTP"
"Misc","https://docstation.co/blog/docstations-tour-de-pharmacies-2018","https://blackbird.docstation.co/?p=%2Fblog%2Fdocstations-tour-de-pharmacies-2018&h=https%3A%2F%2Fdocstation.co&r=&sid=HOTVIUAS&qs={}&cid=15361414","118","","","403","","true","","","N/A","","","Rendered HTML"
"Misc","https://docstation.co/blog/pharmacists-on-the-front-line","https://blackbird.docstation.co/?p=%2Fblog%2Fpharmacists-on-the-front-line&h=https%3A%2F%2Fdocstation.co&r=&sid=HOTVIUAS&qs={}&cid=3250379","118","","","403","","true","","","N/A","","","Rendered HTML"
"Hyperlink","https://docstation.co/features/patient-case-management","https://blackbird.docstation.co/?p=%2Ffeatures%2Fpatient-case-management&h=https%3A%2F%2Fdocstation.co&r=&sid=HOTVIUAS&qs={}&cid=30442594","118","","","403","","true","","","N/A","","","Rendered HTML"
"Misc","https://docstation.co/legal/integration-partner-agreement","https://docstation.co/page-data/legal/integration-partner-agreement/page-data.json","0","","","404","Aborted","true","","","N/A","","","Rendered HTML"
"Misc","https://docstation.co/legal/privacy-policy","https://docstation.co/page-data/legal/integration-partner-agreement/page-data.json","0","","","404","Aborted","true","","","N/A","","","Rendered HTML"
"Misc","https://docstation.co/legal/business-associate-agreement","https://docstation.co/page-data/legal/integration-partner-agreement/page-data.json","0","","","404","Aborted","true","","","N/A","","","Rendered HTML"
"Misc","https://docstation.co/legal/responsible-disclosure","https://docstation.co/page-data/legal/integration-partner-agreement/page-data.json","0","","","404","Aborted","true","","","N/A","","","Rendered HTML"
"Misc","https://docstation.co/legal/terms-of-service","https://docstation.co/page-data/legal/integration-partner-agreement/page-data.json","0","","","404","Aborted","true","","","N/A","","","Rendered HTML"
"Misc","https://docstation.co/legal/add-on-terms","https://docstation.co/page-data/legal/integration-partner-agreement/page-data.json","0","","","404","Aborted","true","","","N/A","","","Rendered HTML"
"Hyperlink","https://docstation.co/company","https://blackbird.docstation.co/?p=%2Fcompany&h=https%3A%2F%2Fdocstation.co&r=&sid=HOTVIUAS&qs={}&cid=6652663","118","","","403","","true","","","N/A","","","Rendered HTML"
"Misc","https://docstation.co/blog/docstation-released-to-pharmacy-innovators","https://blackbird.docstation.co/?p=%2Fblog%2Fdocstation-released-to-pharmacy-innovators&h=https%3A%2F%2Fdocstation.co&r=&sid=HOTVIUAS&qs={}&cid=16190619","118","","","403","","true","","","N/A","","","Rendered HTML"
"Misc","https://docstation.co/blog/docstation-partners-with-one-rx-to-combat-opioid-misuse-in-north-dakota","https://blackbird.docstation.co/?p=%2Fblog%2Fdocstation-partners-with-one-rx-to-combat-opioid-misuse-in-north-dakota&h=https%3A%2F%2Fdocstation.co&r=&sid=HOTVIUAS&qs={}&cid=23636886","118","","","403","","true","","","N/A","","","Rendered HTML"
"Misc","https://docstation.co/blog/meet-jeff","https://blackbird.docstation.co/?p=%2Fblog%2Fmeet-jeff&h=https%3A%2F%2Fdocstation.co&r=&sid=HOTVIUAS&qs={}&cid=30757541","118","","","403","","true","","","N/A","","","Rendered HTML"
"Misc","https://docstation.co/blog/wait-can-pharmacists-bill-for-the-coronavirus-test","https://blackbird.docstation.co/?p=%2Fblog%2Fwait-can-pharmacists-bill-for-the-coronavirus-test&h=https%3A%2F%2Fdocstation.co&r=&sid=HOTVIUAS&qs={}&cid=7622924","118","","","403","","true","","","N/A","","","Rendered HTML"
"Misc","https://docstation.co/blog/meet-josh","https://blackbird.docstation.co/?p=%2Fblog%2Fmeet-josh&h=https%3A%2F%2Fdocstation.co&r=&sid=HOTVIUAS&qs={}&cid=14873855","118","","","403","","true","","","N/A","","","Rendered HTML"
"Misc","https://docstation.co/blog/meet-jeff","https://blackbird.docstation.co/?p=%2Fblog%2Fmeet-jeff&h=https%3A%2F%2Fdocstation.co&r=&sid=HOTVIUAS&qs={}&cid=27013210","118","","","403","","true","","","N/A","","","Rendered HTML"
"Misc","https://docstation.co/blog/meet-rishi","https://blackbird.docstation.co/?p=%2Fblog%2Fmeet-rishi&h=https%3A%2F%2Fdocstation.co&r=&sid=HOTVIUAS&qs={}&cid=39886709","118","","","403","","true","","","N/A","","","Rendered HTML"
"Hyperlink","https://docstation.co/legal/privacy-policy","https://docstation.co/legal/api-terms-of-service","0","","API Terms of Service","404","","true","","","Root-Relative","//body/div/div[@id='gatsby-focus-wrapper']/div[3]/div/div/div[2]/div[1]/span/a","Content","HTML & Rendered HTML"
"Hyperlink","https://docstation.co/legal/business-associate-agreement","https://docstation.co/legal/api-terms-of-service","0","","API Terms of Service","404","","true","","","Root-Relative","//body/div/div[@id='gatsby-focus-wrapper']/div[3]/div/div/div[2]/div[1]/span/a","Content","HTML & Rendered HTML"
"Hyperlink","https://docstation.co/legal/responsible-disclosure","https://docstation.co/legal/api-terms-of-service","0","","API Terms of Service","404","","true","","","Root-Relative","//body/div/div[@id='gatsby-focus-wrapper']/div[3]/div/div/div[2]/div[1]/span/a","Content","HTML & Rendered HTML"
"Hyperlink","https://docstation.co/legal/terms-of-service","https://docstation.co/legal/api-terms-of-service","0","","API Terms of Service","404","","true","","","Root-Relative","//body/div/div[@id='gatsby-focus-wrapper']/div[3]/div/div/div[2]/div[1]/span/a","Content","HTML & Rendered HTML"
"Hyperlink","https://docstation.co/legal/add-on-terms","https://docstation.co/legal/api-terms-of-service","0","","API Terms of Service","404","","true","","","Root-Relative","//body/div/div[@id='gatsby-focus-wrapper']/div[3]/div/div/div[2]/div[1]/span/a","Content","HTML & Rendered HTML"
"Misc","https://docstation.co/legal/privacy-policy","https://docstation.co/page-data/legal/api-terms-of-service/page-data.json","0","","","404","Aborted","true","","","N/A","","","Rendered HTML"
"Misc","https://docstation.co/legal/business-associate-agreement","https://docstation.co/page-data/legal/api-terms-of-service/page-data.json","0","","","404","Aborted","true","","","N/A","","","Rendered HTML"
"Misc","https://docstation.co/legal/api-terms-of-service","https://docstation.co/page-data/legal/api-terms-of-service/page-data.json","0","","","404","Aborted","true","","","N/A","","","Rendered HTML"
"Misc","https://docstation.co/legal/responsible-disclosure","https://docstation.co/page-data/legal/api-terms-of-service/page-data.json","0","","","404","Aborted","true","","","N/A","","","Rendered HTML"
"Misc","https://docstation.co/legal/terms-of-service","https://docstation.co/page-data/legal/api-terms-of-service/page-data.json","0","","","404","Aborted","true","","","N/A","","","Rendered HTML"
"Misc","https://docstation.co/legal/add-on-terms","https://docstation.co/page-data/legal/api-terms-of-service/page-data.json","0","","","404","Aborted","true","","","N/A","","","Rendered HTML"
"Misc","https://docstation.co/blog/the-case-for-specialty-pharmacy-data-standards","https://blackbird.docstation.co/?p=%2Fblog%2Fthe-case-for-specialty-pharmacy-data-standards&h=https%3A%2F%2Fdocstation.co&r=&sid=HOTVIUAS&qs={}&cid=41696506","118","","","403","","true","","","N/A","","","Rendered HTML"
"Hyperlink","https://docstation.co/blog/pharmacists-on-the-front-line","https://news.walgreens.com/press-releases/general-news/walgreens-joins-collaboration-with-administration-and-industry-partners-to-provide-access-to-government-run-covid-19-testing-facilities.htm","118","","Walgreens","403","Forbidden","true","","","Absolute","//body/div/div[@id='gatsby-focus-wrapper']/div[3]/div/div/div/div/p[9]/a[2]","Content","HTML & Rendered HTML"
"Misc","https://docstation.co/blog/meet-rishi","https://blackbird.docstation.co/?p=%2Fblog%2Fmeet-rishi&h=https%3A%2F%2Fdocstation.co&r=&sid=HOTVIUAS&qs={}&cid=28505630","118","","","403","","true","","","N/A","","","Rendered HTML"
"Misc","https://docstation.co/blog/meet-aubree","https://blackbird.docstation.co/?p=%2Fblog%2Fmeet-aubree&h=https%3A%2F%2Fdocstation.co&r=&sid=HOTVIUAS&qs={}&cid=88500145","118","","","403","","true","","","N/A","","","Rendered HTML"
"Misc","https://docstation.co/blog/pharmacist-providers-an-untapped-healthcare-resource","https://blackbird.docstation.co/?p=%2Fblog%2Fpharmacist-providers-an-untapped-healthcare-resource&h=https%3A%2F%2Fdocstation.co&r=&sid=HOTVIUAS&qs={}&cid=97391177","118","","","403","","true","","","N/A","","","Rendered HTML"
"Misc","https://docstation.co/blog/meet-chris","https://blackbird.docstation.co/?p=%2Fblog%2Fmeet-chris&h=https%3A%2F%2Fdocstation.co&r=&sid=HOTVIUAS&qs={}&cid=64743960","118","","","403","","true","","","N/A","","","Rendered HTML"
"Misc","https://docstation.co/legal/responsible-disclosure","https://blackbird.docstation.co/?p=%2Flegal%2Fresponsible-disclosure&h=https%3A%2F%2Fdocstation.co&r=&sid=HOTVIUAS&qs={}&cid=98050795","118","","","403","","true","","","N/A","","","Rendered HTML"
"Hyperlink","https://docstation.co/blog/why-pharmacist-provider-status-is-inevitable","https://naspa.us/resource/2016-state-fact-sheets/","0","","this list","404","Not Found","true","","","Absolute","//body/div/div[@id='gatsby-focus-wrapper']/div[3]/div/div/div/div/blockquote[10]/p/a","Content","HTML & Rendered HTML"
"Hyperlink","https://docstation.co/solutions/employers","https://blackbird.docstation.co/?p=%2Fsolutions%2Femployers&h=https%3A%2F%2Fdocstation.co&r=&sid=HOTVIUAS&qs={}&cid=21297739","118","","","403","","true","","","N/A","","","Rendered HTML"
"HTTP Redirect","http://help.docstation.co/en/articles/5538971-claim-templates","https://help.docstation.co/en/articles/5538971-claim-templates","0","","","401","","true","","","Absolute","","","HTTP"
"Misc","https://docstation.co/blog/the-applications-of-blockchain-technology-in-healthcare","https://blackbird.docstation.co/?p=%2Fblog%2Fthe-applications-of-blockchain-technology-in-healthcare&h=https%3A%2F%2Fdocstation.co&r=&sid=HOTVIUAS&qs={}&cid=36058835","118","","","403","","true","","","N/A","","","Rendered HTML"
"Misc","https://docstation.co/blog/the-applications-of-blockchain-technology-in-healthcare","https://blackbird.docstation.co/?p=%2Fblog%2Fthe-applications-of-blockchain-technology-in-healthcare&h=https%3A%2F%2Fdocstation.co&r=&sid=HOTVIUAS&qs={}&cid=95827707","118","","","403","","true","","","N/A","","","Rendered HTML"
"Misc","https://docstation.co/blog/meet-josh","https://blackbird.docstation.co/?p=%2Fblog%2Fmeet-josh&h=https%3A%2F%2Fdocstation.co&r=&sid=HOTVIUAS&qs={}&cid=62665314","118","","","403","","true","","","N/A","","","Rendered HTML"
"Hyperlink","https://docstation.co/features","https://blackbird.docstation.co/?p=%2Ffeatures&h=https%3A%2F%2Fdocstation.co&r=&sid=HOTVIUAS&qs={}&cid=21251033","118","","","403","","true","","","N/A","","","Rendered HTML"
"Hyperlink","https://docstation.co/solutions/pharmacies","https://blackbird.docstation.co/?p=%2Fsolutions%2Fpharmacies&h=https%3A%2F%2Fdocstation.co&r=&sid=HOTVIUAS&qs={}&cid=30096848","118","","","403","","true","","","N/A","","","Rendered HTML"
"Misc","https://docstation.co/blog/pharmacist-providers-an-untapped-healthcare-resource","https://blackbird.docstation.co/?p=%2Fblog%2Fpharmacist-providers-an-untapped-healthcare-resource&h=https%3A%2F%2Fdocstation.co&r=&sid=HOTVIUAS&qs={}&cid=93331587","118","","","403","","true","","","N/A","","","Rendered HTML"
"Misc","https://docstation.co/legal/integration-partner-agreement","https://blackbird.docstation.co/?p=%2Flegal%2Fintegration-partner-agreement&h=https%3A%2F%2Fdocstation.co&r=&sid=HOTVIUAS&qs={}&cid=77778187","118","","","403","","true","","","N/A","","","Rendered HTML"
"Misc","https://docstation.co/blog/docstation-achieves-level-2-capability-for-pharmacist-ecare-plan","https://blackbird.docstation.co/?p=%2Fblog%2Fdocstation-achieves-level-2-capability-for-pharmacist-ecare-plan&h=https%3A%2F%2Fdocstation.co&r=&sid=HOTVIUAS&qs={}&cid=23168168","118","","","403","","true","","","N/A","","","Rendered HTML"
"Misc","https://docstation.co/blog/docstation-raises-3-1m-to-make-pharmacists-front-line-providers","https://blackbird.docstation.co/?p=%2Fblog%2Fdocstation-raises-3-1m-to-make-pharmacists-front-line-providers&h=https%3A%2F%2Fdocstation.co&r=&sid=HOTVIUAS&qs={}&cid=64148425","118","","","403","","true","","","N/A","","","Rendered HTML"
"Hyperlink","https://docstation.co/features/connectivity-integration","https://blackbird.docstation.co/?p=%2Ffeatures%2Fconnectivity-integration&h=https%3A%2F%2Fdocstation.co&r=&sid=HOTVIUAS&qs={}&cid=55936580","118","","","403","","true","","","N/A","","","Rendered HTML"
"Misc","https://docstation.co/blog/why-pharmacist-provider-status-is-inevitable","https://blackbird.docstation.co/?p=%2Fblog%2Fwhy-pharmacist-provider-status-is-inevitable&h=https%3A%2F%2Fdocstation.co&r=&sid=HOTVIUAS&qs={}&cid=45941915","118","","","403","","true","","","N/A","","","Rendered HTML"
"Hyperlink","https://docstation.co/solutions/medicaid","https://blackbird.docstation.co/?p=%2Fsolutions%2Fmedicaid&h=https%3A%2F%2Fdocstation.co&r=&sid=HOTVIUAS&qs={}&cid=19002676","118","","","403","","true","","","N/A","","","Rendered HTML"
"Misc","https://docstation.co/blog/the-freecare-plan-for-pharmacists","https://blackbird.docstation.co/?p=%2Fblog%2Fthe-freecare-plan-for-pharmacists&h=https%3A%2F%2Fdocstation.co&r=&sid=HOTVIUAS&qs={}&cid=8935442","118","","","403","","true","","","N/A","","","Rendered HTML"
"Hyperlink","https://docstation.co/blog/pharmacist-providers-an-untapped-healthcare-resource","http://jamanetwork.com/journals/jama/fullarticle/2613209","93","","recent study","403","Forbidden","true","","","Absolute","//body/div[@id='___gatsby']/div[@id='gatsby-focus-wrapper']/div[3]/div/div/div/div/blockquote[1]/p/a","Content","HTML & Rendered HTML"
"Misc","https://docstation.co/blog/meet-french","https://blackbird.docstation.co/?p=%2Fblog%2Fmeet-french&h=https%3A%2F%2Fdocstation.co&r=&sid=HOTVIUAS&qs={}&cid=38914567","118","","","403","","true","","","N/A","","","Rendered HTML"
"Misc","https://docstation.co/blog/meet-samm","https://blackbird.docstation.co/?p=%2Fblog%2Fmeet-samm&h=https%3A%2F%2Fdocstation.co&r=&sid=HOTVIUAS&qs={}&cid=7176067","118","","","403","","true","","","N/A","","","Rendered HTML"
"Misc","https://docstation.co/legal/api-terms-of-service","https://blackbird.docstation.co/?p=%2Flegal%2Fapi-terms-of-service&h=https%3A%2F%2Fdocstation.co&r=&sid=HOTVIUAS&qs={}&cid=10964680","118","","","403","","true","","","N/A","","","Rendered HTML"
"Misc","https://docstation.co/legal/business-associate-agreement","https://blackbird.docstation.co/?p=%2Flegal%2Fbusiness-associate-agreement&h=https%3A%2F%2Fdocstation.co&r=&sid=HOTVIUAS&qs={}&cid=2955710","118","","","403","","true","","","N/A","","","Rendered HTML"
"Hyperlink","https://docstation.co/solutions","https://blackbird.docstation.co/?p=%2Fsolutions&h=https%3A%2F%2Fdocstation.co&r=&sid=HOTVIUAS&qs={}&cid=21307840","118","","","403","","true","","","N/A","","","Rendered HTML"
"Misc","https://docstation.co/blog/meet-john","https://blackbird.docstation.co/?p=%2Fblog%2Fmeet-john&h=https%3A%2F%2Fdocstation.co&r=&sid=HOTVIUAS&qs={}&cid=1257852","118","","","403","","true","","","N/A","","","Rendered HTML"
"Hyperlink","https://docstation.co/solutions/pharmacies","https://blackbird.docstation.co/?p=%2Fsolutions%2Fpharmacies&h=https%3A%2F%2Fdocstation.co&r=&sid=HOTVIUAS&qs={}&cid=22186913","118","","","403","","true","","","N/A","","","Rendered HTML"
"Hyperlink","https://docstation.co/solutions/medicaid","https://blackbird.docstation.co/?p=%2Fsolutions%2Fmedicaid&h=https%3A%2F%2Fdocstation.co&r=&sid=HOTVIUAS&qs={}&cid=31796471","118","","","403","","true","","","N/A","","","Rendered HTML"
"Misc","https://docstation.co/blog/meet-christine","https://blackbird.docstation.co/?p=%2Fblog%2Fmeet-christine&h=https%3A%2F%2Fdocstation.co&r=&sid=HOTVIUAS&qs={}&cid=98839297","118","","","403","","true","","","N/A","","","Rendered HTML"
"Hyperlink","https://docstation.co/blog","https://blackbird.docstation.co/?p=%2Fblog&h=https%3A%2F%2Fdocstation.co&r=&sid=HOTVIUAS&qs={}&cid=47108559","118","","","403","","true","","","N/A","","","Rendered HTML"
"Misc","https://docstation.co/blog/why-pharmacist-provider-status-is-inevitable","https://blackbird.docstation.co/?p=%2Fblog%2Fwhy-pharmacist-provider-status-is-inevitable&h=https%3A%2F%2Fdocstation.co&r=&sid=HOTVIUAS&qs={}&cid=99144602","118","","","403","","true","","","N/A","","","Rendered HTML"
"Hyperlink","https://docstation.co/features/clinical-intelligence","https://blackbird.docstation.co/?p=%2Ffeatures%2Fclinical-intelligence&h=https%3A%2F%2Fdocstation.co&r=&sid=HOTVIUAS&qs={}&cid=78616850","118","","","403","","true","","","N/A","","","Rendered HTML"
"Hyperlink","https://docstation.co/solutions/medicare","https://blackbird.docstation.co/?p=%2Fsolutions%2Fmedicare&h=https%3A%2F%2Fdocstation.co&r=&sid=HOTVIUAS&qs={}&cid=55589024","118","","","403","","true","","","N/A","","","Rendered HTML"
"HTTP Redirect","http://help.docstation.co/en/articles/3063071-how-to-remove-a-team-member","https://help.docstation.co/en/articles/3063071-how-to-remove-a-team-member","0","","","401","","true","","","Absolute","","","HTTP"
"Hyperlink","https://docstation.co/blog","https://blackbird.docstation.co/?p=%2Fblog&h=https%3A%2F%2Fdocstation.co&r=&sid=HOTVIUAS&qs={}&cid=15436194","118","","","403","","true","","","N/A","","","Rendered HTML"
"Hyperlink","https://docstation.co/blog/why-pharmacist-provider-status-is-inevitable","https://dcp.psc.gov/osg/pharmacy/documents/2011SupportLetterFromUSSG.pdf","0","","letter of support","404","Not Found","true","","","Absolute","//body/div/div[@id='gatsby-focus-wrapper']/div[3]/div/div/div/div/p[7]/a[2]","Content","HTML & Rendered HTML"
"Misc","https://docstation.co/blog/the-freecare-plan-for-pharmacists","https://blackbird.docstation.co/?p=%2Fblog%2Fthe-freecare-plan-for-pharmacists&h=https%3A%2F%2Fdocstation.co&r=&sid=HOTVIUAS&qs={}&cid=97045405","118","","","403","","true","","","N/A","","","Rendered HTML"
"Hyperlink","https://docstation.co/blog/why-pharmacist-provider-status-is-inevitable","https://www.pharmacist.com/article/trump-nominee-hhs-supports-pharmacists-role-patient-care","40753","","voiced his support for pharmacist patient care","404","Not Found","true","","","Absolute","//body/div/div[@id='gatsby-focus-wrapper']/div[3]/div/div/div/div/p[9]/a","Content","HTML & Rendered HTML"
"Hyperlink","https://docstation.co/legal/privacy-policy","https://blackbird.docstation.co/?p=%2Flegal%2Fprivacy-policy&h=https%3A%2F%2Fdocstation.co&r=&sid=HOTVIUAS&qs={}&cid=69725232","118","","","403","","true","","","N/A","","","Rendered HTML"
"Hyperlink","https://docstation.co/features/billing-revenue","https://blackbird.docstation.co/?p=%2Ffeatures%2Fbilling-revenue&h=https%3A%2F%2Fdocstation.co&r=&sid=HOTVIUAS&qs={}&cid=52426562","118","","","403","","true","","","N/A","","","Rendered HTML"
"Misc","https://docstation.co/blog/docstations-tour-de-pharmacies-2018","https://blackbird.docstation.co/?p=%2Fblog%2Fdocstations-tour-de-pharmacies-2018&h=https%3A%2F%2Fdocstation.co&r=&sid=HOTVIUAS&qs={}&cid=59525256","118","","","403","","true","","","N/A","","","Rendered HTML"
"Misc","https://docstation.co/blog/meet-samm","https://blackbird.docstation.co/?p=%2Fblog%2Fmeet-samm&h=https%3A%2F%2Fdocstation.co&r=&sid=HOTVIUAS&qs={}&cid=85214146","118","","","403","","true","","","N/A","","","Rendered HTML"
"Misc","https://docstation.co/blog/leveraging-technology-for-value-based-pharmacy-models","https://blackbird.docstation.co/?p=%2Fblog%2Fleveraging-technology-for-value-based-pharmacy-models&h=https%3A%2F%2Fdocstation.co&r=&sid=HOTVIUAS&qs={}&cid=3781166","118","","","403","","true","","","N/A","","","Rendered HTML"
"Misc","https://docstation.co/blog/docstation-partners-with-one-rx-to-combat-opioid-misuse-in-north-dakota","https://blackbird.docstation.co/?p=%2Fblog%2Fdocstation-partners-with-one-rx-to-combat-opioid-misuse-in-north-dakota&h=https%3A%2F%2Fdocstation.co&r=&sid=HOTVIUAS&qs={}&cid=33583670","118","","","403","","true","","","N/A","","","Rendered HTML"
"Misc","https://docstation.co/blog/lessons-from-the-road","https://blackbird.docstation.co/?p=%2Fblog%2Flessons-from-the-road&h=https%3A%2F%2Fdocstation.co&r=&sid=HOTVIUAS&qs={}&cid=10548292","118","","","403","","true","","","N/A","","","Rendered HTML"
"Hyperlink","https://docstation.co/blog/pharmacists-on-the-front-line","https://www.nytimes.com/reuters/2020/03/19/us/19reuters-health-coronavirus-cvs-health.html","72891","","CVS","410","Gone","true","","","Absolute","//body/div/div[@id='gatsby-focus-wrapper']/div[3]/div/div/div/div/p[9]/a[3]","Content","HTML & Rendered HTML"
"Hyperlink","https://docstation.co/solutions/medicare","https://blackbird.docstation.co/?p=%2Fsolutions%2Fmedicare&h=https%3A%2F%2Fdocstation.co&r=&sid=HOTVIUAS&qs={}&cid=3847929","118","","","403","","true","","","N/A","","","Rendered HTML"
"Misc","https://docstation.co/blog/the-pharmacist-ecare-plan","https://blackbird.docstation.co/?p=%2Fblog%2Fthe-pharmacist-ecare-plan&h=https%3A%2F%2Fdocstation.co&r=&sid=HOTVIUAS&qs={}&cid=69629179","118","","","403","","true","","","N/A","","","Rendered HTML"
"Hyperlink","https://docstation.co/features","https://blackbird.docstation.co/?p=%2Ffeatures&h=https%3A%2F%2Fdocstation.co&r=&sid=HOTVIUAS&qs={}&cid=81908466","118","","","403","","true","","","N/A","","","Rendered HTML"
"Misc","https://docstation.co/legal/responsible-disclosure","https://blackbird.docstation.co/?p=%2Flegal%2Fresponsible-disclosure&h=https%3A%2F%2Fdocstation.co&r=&sid=HOTVIUAS&qs={}&cid=9713909","118","","","403","","true","","","N/A","","","Rendered HTML"
