﻿"Address","Word Count","Closest Similarity Match","No. Near Duplicates","Total Language Errors","Spelling Errors","Grammar Errors","Language","Hash","Indexability","Indexability Status"
"https://blackbird.docstation.co/?p=%2Flegal%2Fterms-of-service&h=https%3A%2F%2Fdocstation.co&r=&sid=HOTVIUAS&qs={}&cid=24497161","0","","","","","","","86707e4369f60afedcafb16050a7618","Indexable",""
"https://docstation.co/blog/meet-josh","594","","","","","","","d96ad20c959667b37f3d181368dc623b","Indexable",""
"https://status.docstation.co/history/250cfaab56e5","145","","","","","","","158cdc29b6127e80fccb688300abd903","Indexable",""
"https://blackbird.docstation.co/?p=%2Fsecurity&h=https%3A%2F%2Fdocstation.co&r=&sid=HOTVIUAS&qs={}&cid=87024426","0","","","","","","","86707e4369f60afedcafb16050a7618","Indexable",""
"https://status.docstation.co/history/f52e74126367","108","","","","","","","3db168a101faea54ccc448f0a7cd7f52","Indexable",""
"https://landing.docstation.co/notify-v2","99","","","","","","","6bb82ba810c485926ce40a3e4ea5f056","Indexable",""
"https://help.docstation.co/en/articles/5374568-configuring-docstation-settings-for-claims-billing","153","","","","","","","d23e1334085e76ff37014b9c97bdcaa","Non-Indexable","Canonicalised"
"https://docstation.co/blog/meet-french","586","","","","","","","8bced1247cef4955f779042a0bac3a54","Indexable",""
"https://accounts.docstation.co/authorize?client_id=8rbCx1XV9cfU4XAQr5McVhVgJEiZh3KO&response_type=token%20id_token&response_mode=web_message&redirect_uri=https%3A%2F%2Fapp.docstation.co%2Fapi%2Faccount%2Fcallback&scope=openid%20profile%20email&state=KEEda4XW-gxpY9LdBaTneyW21u80Ntzl3UGE&nonce=fZNMClzhHk2oQFNfCr.v7MHhBiAG-j2b&prompt=none&auth0Client=eyJuYW1lIjoibG9jay5qcyIsInZlcnNpb24iOiIxMS4zMC4xIiwiZW52Ijp7ImF1dGgwLmpzIjoiOS4xNi4yIiwiYXV0aDAuanMtdWxwIjoiOS4xNi4yIn19","0","","","","","","","f08a867c124571b70fb735c38d72dca4","Indexable",""
"https://docstation.co/blog/docstation-achieves-level-2-capability-for-pharmacist-ecare-plan","364","","","","","","","ff8391dd872252211c70d9fd06412f49","Indexable",""
"https://help.docstation.co/en/articles/3828429-covid-19-assessment-task","229","","","","","","","6587849e4403a1d6f7207c392f4d378","Non-Indexable","Canonicalised"
"https://help.docstation.co/en/articles/5374573-how-to-bill-a-claim","248","","","","","","","41537226f72a7cb38aba320a9c517b35","Non-Indexable","Canonicalised"
"https://help.docstation.co/en/articles/3063052-docstation-supported-browsers","113","","","","","","","c44a2d5b32ab78ff6e1ab4ff1e4c3d16","Non-Indexable","Canonicalised"
"https://help.docstation.co/en/articles/4490239-one-program-training","276","","","","","","","a3cc94713897027b7172cecef938ccae","Non-Indexable","Canonicalised"
"https://docstation.co/legal/privacy-policy","3566","","","","","","","65712cb5a95477a7225b5a541c0e51eb","Indexable",""
"https://docstation.co/blog/meet-christine","556","","","","","","","4a42eca302ab6393df7a991264a58c1a","Indexable",""
"https://docstation.co/blog/docstation-partners-with-one-rx-to-combat-opioid-misuse-in-north-dakota","401","","","","","","","d67fab2a2a98d126d2a5eff31247c185","Indexable",""
"https://docstation.co/blog/pharmacists-on-the-front-line","1089","","","","","","","9800d57b83ed8d2377fed38370de5bf6","Indexable",""
"https://help.docstation.co/en/articles/4684568-healthpartners-mtm-program-how-to-get-started","872","","","","","","","ba96eea044e57efaf4b7c7663c47c120","Non-Indexable","Canonicalised"
"https://docstation.co/features/clinical-intelligence","250","","","","","","","dd9688248baa7e4732175e980c638967","Indexable",""
"https://help.docstation.co/en/articles/3829025-covid-19-education-resources","107","","","","","","","408578333d7ecd3421dc1326ba0989ca","Non-Indexable","Canonicalised"
"https://docstation.co/blog/meet-john","567","","","","","","","2ac6d776fe6203b329693964c24de404","Indexable",""
"https://docstation.co/blog/meet-amanda","567","","","","","","","cc4ecd6b2128ad17d66f6a3a8f3c5667","Indexable",""
"https://docstation.co/company","431","","","","","","","c5f95899a8d626157228d781e1599c7b","Indexable",""
"https://docstation.co/blog/the-pharmacist-ecare-plan","2530","","","","","","","5d21244951abce417b750fa47e90253a","Indexable",""
"https://docstation.co/blog/the-applications-of-blockchain-technology-in-healthcare","1281","","","","","","","7ed453e9148cd42a02bcd65db4991a6f","Indexable",""
"https://docstation.co/legal/business-associate-agreement","2611","","","","","","","926479558f6f88e2dfd615a54196d1df","Indexable",""
"https://docstation.co/blog/why-pharmacist-provider-status-is-inevitable","1293","","","","","","","97b9882162bc2ecbf291acba168b8709","Indexable",""
"https://docstation.co/blog/docstation-released-to-pharmacy-innovators","392","","","","","","","1da38b43748695b2b775a42e8cfdca7f","Indexable",""
"https://status.docstation.co/history/c647b42eb351","142","","","","","","","a61a784786e1e514cbba83d9df7ba5dd","Indexable",""
"https://status.docstation.co/","54","","","","","","","2e45ff3f15069ca5bf9c9784f88a9e7c","Indexable",""
"https://status.docstation.co/history/26c6874c2f40","83","","","","","","","7eedd94045957d502c4c5c9dd7b404ac","Indexable",""
"https://status.docstation.co/history","753","","","","","","","2b06e93c83b6707675fca1826965afb5","Indexable",""
"https://blackbird.docstation.co/?p=%2F&h=https%3A%2F%2Fdocstation.co&r=&sid=HOTVIUAS&qs={}&cid=32098627","0","","","","","","","86707e4369f60afedcafb16050a7618","Indexable",""
"https://blackbird.docstation.co/?p=%2Fsolutions%2Fhealth-plans&h=https%3A%2F%2Fdocstation.co&r=&sid=HOTVIUAS&qs={}&cid=51113981","0","","","","","","","86707e4369f60afedcafb16050a7618","Indexable",""
"https://docstation.co/blog/what-the-new-cms-proposed-rule-means-for-mtm-programs-in-2021","1320","","","","","","","6d3dbfda4c469aa4f8a41d9221389771","Indexable",""
"https://docstation.co/security","215","","","","","","","408f7ceb08f0ba04b537d2c5d099ae7f","Indexable",""
"https://help.docstation.co/en/articles/5076934-comprehensive-medication-review-task","484","","","","","","","d8a64166700da358584435050c193409","Non-Indexable","Canonicalised"
"https://help.docstation.co/en/collections/3067603-medical-billing","139","","","","","","","d5862183b0a5f8986ad3fe31299e1251","Non-Indexable","Canonicalised"
"https://help.docstation.co/en/articles/3836244-covid-19-information","305","","","","","","","bbc9c1dfb295c3c8ecd5f2ef98ad3e38","Non-Indexable","Canonicalised"
"https://docstation.co/blog/pharmacist-providers-an-untapped-healthcare-resource","1331","","","","","","","c6b298dfb24761853d3e1736e8691948","Indexable",""
"https://app.docstation.co/login","20","","","","","","","c3535fa30362c91db1f55039115da567","Indexable",""
"https://docstation.co/blog/staying-sane-while-working-remotely-tips-from-a-healthcare-company","1379","","","","","","","84bed4483b477b112e080783b4c95267","Indexable",""
"https://help.docstation.co/en/","131","","","","","","","392d56fc8e89bb3a8da65e4ef4b9c404","Non-Indexable","Canonicalised"
"https://help.docstation.co/en/collections/1838431-docstation-payment-programs","159","","","","","","","7353b7ec97a694047829330a7afd6058","Non-Indexable","Canonicalised"
"https://docstation.co/blog/3","149","","","","","","","fdc01a36265bbacdcb2bf1b16043f1bf","Indexable",""
"https://docstation.co/blog/2","150","","","","","","","5a823cc140359667ce3c4f3b83be0a41","Indexable",""
"https://docstation.co/blog/lessons-from-the-road","2084","","","","","","","28e2fa4696bd86935c9344f940e3ede0","Indexable",""
"https://docstation.co/legal/responsible-disclosure","501","","","","","","","feebfab04a7c229ea2a73a19dddd892a","Indexable",""
"https://blackbird.docstation.co/?p=%2Fsolutions%2Fhealth-plans&h=https%3A%2F%2Fdocstation.co&r=&sid=HOTVIUAS&qs={}&cid=45994053","0","","","","","","","86707e4369f60afedcafb16050a7618","Indexable",""
"https://help.docstation.co/en/articles/6177671-diabetes-eye-exam-assessment","146","","","","","","","eb723d262b9f463cca91ebd9a32fe26","Non-Indexable","Canonicalised"
"https://docstation.co/features/billing-revenue","268","","","","","","","2cc1e21637daee5a0960a66ff809ef68","Indexable",""
"https://help.docstation.co/en/collections/1838427-account-management","196","","","","","","","5327f2b580cb6ccd4f30ec1281f65f86","Non-Indexable","Canonicalised"
"https://help.docstation.co/en/articles/3094122-login-access-expired","179","","","","","","","656eee07eb2410eacce5530b311f1e2e","Non-Indexable","Canonicalised"
"https://docstation.co/blog/leveraging-technology-for-value-based-pharmacy-models","304","","","","","","","cd4a29ef6486385c4f17191f3990ae2a","Indexable",""
"https://docstation.co/","648","","","","","","","47c0f4c3aac126e37035c5e8f682b99c","Indexable",""
"https://status.docstation.co/history/92ccb529d9ff","255","","","","","","","b11ebbb05bade0a6040f74d045aad8e6","Indexable",""
"https://docstation.co/blog/the-freecare-plan-for-pharmacists","1171","","","","","","","534c5d3cf6fe82a37532bcd43b9394f9","Indexable",""
"https://docstation.co/blog/wait-can-pharmacists-bill-for-the-coronavirus-test","1409","","","","","","","bc5faeb5092c435d5d6d4dca2a706502","Indexable",""
"https://docstation.co/legal/terms-of-service","13961","","","","","","","52f3315c5188de1238f37259d6f2b477","Indexable",""
"https://help.docstation.co/en/collections/1609111-docstation-tasks","65","","","","","","","cb5de13e32c9a4d670f6d0718895969d","Non-Indexable","Canonicalised"
"https://help.docstation.co/en/articles/5076940-getting-started-with-claims-and-billing","537","","","","","","","da56dafe78ab396f4d8d7facae81bf9a","Non-Indexable","Canonicalised"
"https://help.docstation.co/en/articles/4151492-importing-a-csv-file","510","","","","","","","b8ac9fff945837620617daf1eaab2825","Non-Indexable","Canonicalised"
"https://docstation.co/blog","162","","","","","","","b1a9cfc9f6e687fb22c8240484aaa21e","Indexable",""
"https://status.docstation.co/history/339a6d9fa538","60","","","","","","","9f3f786b1493675f4583d0b7dda825e6","Indexable",""
"https://docstation.co/blog/meet-chris","544","","","","","","","ae5ded4643020977da905304a9469ce3","Indexable",""
"https://docstation.co/solutions","706","","","","","","","cbbe2d6fa31371490a99981cbf303ef4","Indexable",""
"https://blackbird.docstation.co/?p=%2Fcompany&h=https%3A%2F%2Fdocstation.co&r=&sid=HOTVIUAS&qs={}&cid=8491885","0","","","","","","","86707e4369f60afedcafb16050a7618","Indexable",""
"https://help.docstation.co/en/articles/4381072-north-dakota-medicaid-mtm-program","587","","","","","","","76dd40aef9557957615450658e7d9868","Non-Indexable","Canonicalised"
"https://help.docstation.co/en/articles/3063067-add-a-new-team-member-user","156","","","","","","","b7e67bacb2498a3c046afba7b3f45853","Non-Indexable","Canonicalised"
"https://docstation.co/legal/add-on-terms","1693","","","","","","","2cdea894c929f95c6a241c998b0b7f47","Indexable",""
"https://docstation.co/blog/docstation-raises-3-1m-to-make-pharmacists-front-line-providers","467","","","","","","","41d61fab731d1b6d648f8c677758aceb","Indexable",""
"https://help.docstation.co/en/articles/3028288-training-for-new-users","146","","","","","","","df48862f2344afe5cdbf97f61d4f39b5","Non-Indexable","Canonicalised"
"https://docstation.co/blog/meet-rishi","575","","","","","","","f6321bbdc2e5a5269ab2e25534551011","Indexable",""
"https://docstation.co/solutions/employers","314","","","","","","","7f9cf340b33427f58db3d7fee3d47563","Indexable",""
"https://docstation.co/solutions/medicare","414","","","","","","","105d29d253b11a952c3aada32c7c6f08","Indexable",""
"https://docstation.co/features/connectivity-integration","258","","","","","","","a1cfe6b6d97ded265715e6ef18025820","Indexable",""
"https://help.docstation.co/en/collections/2222973-covid-19-resources","93","","","","","","","3a24ad7addfed6e47bd1356f9970e52f","Non-Indexable","Canonicalised"
"https://help.docstation.co/en/articles/3472434-pharmacy-innovators-meetings-and-community-resources","137","","","","","","","856883dbce9b56e2dc5453dc22b2fe73","Non-Indexable","Canonicalised"
"https://blackbird.docstation.co/?p=%2F&h=https%3A%2F%2Fdocstation.co&r=&sid=HOTVIUAS&qs={}&cid=2348002","0","","","","","","","86707e4369f60afedcafb16050a7618","Indexable",""
"https://help.docstation.co/en/articles/3063073-how-to-sign-up-for-docstation","94","","","","","","","402786e7452f19daecba6615972ba973","Non-Indexable","Canonicalised"
"https://docstation.co/blog/the-future-of-pharmacy-is-value-based-part-two","1333","","","","","","","2ff4e1d41aa5da72dc19bab7df4adc7d","Indexable",""
"https://docstation.co/features/patient-case-management","237","","","","","","","97eadd1da3af1277c44759b360ddd82a","Indexable",""
"https://docstation.co/blog/meet-samm","600","","","","","","","9129433122fbac903a11073cccbe7fe4","Indexable",""
"https://help.docstation.co/en/articles/3636468-pharmacist-ecare-plans","392","","","","","","","4eab6fe466be4cb9b5aba290e6d27c1d","Non-Indexable","Canonicalised"
"https://docstation.co/solutions/medicaid","378","","","","","","","b1716d6a62be4878439edbe4aee6d0c1","Indexable",""
"https://docstation.co/features/value-based-pharmacy","242","","","","","","","45a3d698ddd7c1274ee49619f4961688","Indexable",""
"https://docstation.co/blog/meet-aubree","612","","","","","","","f621915f5bbca39110eac4febbf937a5","Indexable",""
"https://help.docstation.co/en/articles/5359885-one-program-screening-follow-up-task","243","","","","","","","83785276f4a8cf8dce514aad434fb883","Non-Indexable","Canonicalised"
"https://help.docstation.co/en/articles/4499211-single-sign-on-sso-for-enterprise-accounts","238","","","","","","","ff6676e7e75523a7f67f5a3c0ec3ade7","Non-Indexable","Canonicalised"
"https://help.docstation.co/en/articles/5168263-north-dakota-one-program-details","710","","","","","","","41bdd551000ba6f94e419858311ba674","Non-Indexable","Canonicalised"
"https://help.docstation.co/en/collections/2461790-getting-started-with-docstation","149","","","","","","","f6083b815f6a8143193d5ab366ac7e77","Non-Indexable","Canonicalised"
"https://docstation.co/solutions/health-plans","322","","","","","","","8dde3f447229eb0dd39302cfcd51cdd8","Indexable",""
"https://docstation.co/blog/docstations-tour-de-pharmacies-2018","623","","","","","","","5c3b5ea54a19738250fe8b3c5f1116a0","Indexable",""
"https://help.docstation.co/en/articles/3063063-how-to-change-or-reset-your-password","93","","","","","","","c341b1a1c7ca2eca3d84d53993278378","Non-Indexable","Canonicalised"
"https://docstation.co/blog/meet-simon","635","","","","","","","5d313a2af18c072d7363a440be42833b","Indexable",""
"https://help.docstation.co/en/articles/3028259-pharmacy-technicians-and-students","151","","","","","","","dab8e05b3fdbf5c18649f5a306a5b3fe","Non-Indexable","Canonicalised"
"https://docstation.co/solutions/pharmacies","328","","","","","","","dfffe2303c0d181be6367b56709e526a","Indexable",""
"https://docstation.co/blog/meet-jeff","422","","","","","","","58ee6ea2686903830b0c046bef9830a3","Indexable",""
"https://blackbird.docstation.co/?p=%2Ffeatures%2Fbilling-revenue&h=https%3A%2F%2Fdocstation.co&r=&sid=HOTVIUAS&qs={}&cid=69901883","0","","","","","","","86707e4369f60afedcafb16050a7618","Indexable",""
"https://docstation.co/blog/the-case-for-specialty-pharmacy-data-standards","1524","","","","","","","60654dbd75c7d42fcd4d496b93d13b4d","Indexable",""
"https://landing.docstation.co/notify","88","","","","","","","d9e6edba37757a3e2a6d80e0a0886745","Indexable",""
"https://help.docstation.co/en/articles/4677317-north-dakota-medicaid-mtm-program-how-to-get-started","559","","","","","","","5c04912db94e34a9e305760429fbdca9","Non-Indexable","Canonicalised"
"https://docstation.co/features","404","","","","","","","4e86d0547b5ade3650a77619456b8d98","Indexable",""
"https://help.docstation.co/en/articles/4677469-forwardhealth-mtm-program-how-to-get-started","478","","","","","","","2903fa94c105921c85a35243f67587e2","Non-Indexable","Canonicalised"
"https://help.docstation.co/en/articles/4169699-enabling-integrations","372","","","","","","","52639cffe68c17eedb5bcee8c2262ed2","Non-Indexable","Canonicalised"
