﻿"Site Crawled","https://docstation.co/"
"Date","2022-05-12"
"Time","14:16:27"
""
"Summary","URLs","% of Total","Total URLs","Total URLs Description"
"Total URLs Encountered","1239","100.00%","1239","URLs Encountered"
"Total URLs Crawled","1239","100.00%","1239","URLs Encountered"
"Total Internal blocked by robots.txt","0","0.00%","1239","URLs Encountered"
"Total External blocked by robots.txt","0","0.00%","1239","URLs Encountered"
""
"URLs Displayed","1239","100.00%","1239","URLs Displayed"
"Total Internal URLs","371","29.94%","1239","URLs Displayed"
"Total External URLs","868","70.06%","1239","URLs Displayed"
"Total Internal Indexable URLs","178","14.37%","1239","URLs Displayed"
"Total Internal Non-Indexable URLs","193","15.58%","1239","URLs Displayed"
""
"Internal"
"All","371","100.00%","371","Internal URLs"
"HTML","263","70.89%","371","Internal URLs"
"JavaScript","42","11.32%","371","Internal URLs"
"CSS","2","0.54%","371","Internal URLs"
"Images","2","0.54%","371","Internal URLs"
"PDF","0","0.00%","371","Internal URLs"
"Flash","0","0.00%","371","Internal URLs"
"Other","62","16.71%","371","Internal URLs"
"Unknown","0","0.00%","371","Internal URLs"
""
"External"
"All","868","100.00%","868","External URLs"
"HTML","76","8.76%","868","External URLs"
"JavaScript","80","9.22%","868","External URLs"
"CSS","8","0.92%","868","External URLs"
"Images","391","45.05%","868","External URLs"
"PDF","4","0.46%","868","External URLs"
"Flash","0","0.00%","868","External URLs"
"Other","309","35.60%","868","External URLs"
"Unknown","0","0.00%","868","External URLs"
""
"Security"
"All","371","100.00%","371","All internal and non-HTML external URLs"
"HTTP URLs","44","11.86%","371","All internal and non-HTML external URLs"
"HTTPS URLs","327","88.14%","371","All internal and non-HTML external URLs"
"Mixed Content","0","0.00%","371","All internal and non-HTML external URLs"
"Form URL Insecure","0","0.00%","371","All internal and non-HTML external URLs"
"Form on HTTP URL","0","0.00%","371","All internal and non-HTML external URLs"
"Unsafe Cross-Origin Links","0","0.00%","371","All internal and non-HTML external URLs"
"Protocol-Relative Resource Links","3","0.81%","371","All internal and non-HTML external URLs"
"Missing HSTS Header","58","15.63%","371","All internal and non-HTML external URLs"
"Missing Content-Security-Policy Header","214","57.68%","371","All internal and non-HTML external URLs"
"Missing X-Content-Type-Options Header","173","46.63%","371","All internal and non-HTML external URLs"
"Missing X-Frame-Options Header","174","46.90%","371","All internal and non-HTML external URLs"
"Missing Secure Referrer-Policy Header","212","57.14%","371","All internal and non-HTML external URLs"
"Bad Content Type","2","0.54%","371","All internal and non-HTML external URLs"
""
"Response Codes"
"All","1239","100.00%","1239","All Crawled URLs"
"Blocked by Robots.txt","0","0.00%","1239","All Crawled URLs"
"Blocked Resource","68","5.49%","1239","All Crawled URLs"
"No Response","0","0.00%","1239","All Crawled URLs"
"Success (2xx)","821","66.26%","1239","All Crawled URLs"
"Redirection (3xx)","303","24.46%","1239","All Crawled URLs"
"Redirection (JavaScript)","0","0.00%","1239","All Crawled URLs"
"Redirection (Meta Refresh)","0","0.00%","1239","All Crawled URLs"
"Client Error (4xx)","114","9.20%","1239","All Crawled URLs"
"Server Error (5xx)","1","0.08%","1239","All Crawled URLs"
""
"URL"
"All","371","100.00%","371","Internal URLs"
"Non ASCII Characters","0","0.00%","371","Internal URLs"
"Underscores","1","0.27%","371","Internal URLs"
"Uppercase","105","28.30%","371","Internal URLs"
"Multiple Slashes","0","0.00%","371","Internal URLs"
"Repetitive Path","0","0.00%","371","Internal URLs"
"Contains Space","1","0.27%","371","Internal URLs"
"Internal Search","0","0.00%","371","Internal URLs"
"Parameters","105","28.30%","371","Internal URLs"
"Broken Bookmark","0","0.00%","371","Internal URLs"
"Over 115 Characters","89","23.99%","371","Internal URLs"
""
"Page Titles"
"All","106","100.00%","106","Internal HTML pages with 2xx response"
"Missing","8","7.55%","106","Internal HTML pages with 2xx response"
"Duplicate","13","12.26%","106","Internal HTML pages with 2xx response"
"Over 60 Characters","11","10.38%","106","Internal HTML pages with 2xx response"
"Below 30 Characters","12","11.32%","106","Internal HTML pages with 2xx response"
"Over 554 Pixels","13","12.26%","106","Internal HTML pages with 2xx response"
"Below 200 Pixels","2","1.89%","106","Internal HTML pages with 2xx response"
"Same as H1","0","0.00%","106","Internal HTML pages with 2xx response"
"Multiple","0","0.00%","106","Internal HTML pages with 2xx response"
""
"Meta Description"
"All","106","100.00%","106","Internal HTML pages with 2xx response"
"Missing","17","16.04%","106","Internal HTML pages with 2xx response"
"Duplicate","52","49.06%","106","Internal HTML pages with 2xx response"
"Over 155 Characters","0","0.00%","106","Internal HTML pages with 2xx response"
"Below 70 Characters","1","0.94%","106","Internal HTML pages with 2xx response"
"Over 1,005 Pixels","0","0.00%","106","Internal HTML pages with 2xx response"
"Below 400 Pixels","1","0.94%","106","Internal HTML pages with 2xx response"
"Multiple","0","0.00%","106","Internal HTML pages with 2xx response"
""
"Meta Keywords"
"All","106","100.00%","106","Internal HTML pages with 2xx response"
"Missing","72","67.92%","106","Internal HTML pages with 2xx response"
"Duplicate","0","0.00%","106","Internal HTML pages with 2xx response"
"Multiple","0","0.00%","106","Internal HTML pages with 2xx response"
""
"H1"
"All","106","100.00%","106","Internal HTML pages with 2xx response"
"Missing","20","18.87%","106","Internal HTML pages with 2xx response"
"Duplicate","9","8.49%","106","Internal HTML pages with 2xx response"
"Over 70 Characters","10","9.43%","106","Internal HTML pages with 2xx response"
"Multiple","21","19.81%","106","Internal HTML pages with 2xx response"
""
"H2"
"All","106","100.00%","106","Internal HTML pages with 2xx response"
"Missing","49","46.23%","106","Internal HTML pages with 2xx response"
"Duplicate","12","11.32%","106","Internal HTML pages with 2xx response"
"Over 70 Characters","0","0.00%","106","Internal HTML pages with 2xx response"
"Multiple","15","14.15%","106","Internal HTML pages with 2xx response"
""
"Content"
"All","106","100.00%","106","Content in URL"
"Exact Duplicates","8","7.55%","106","Content in URL"
"Near Duplicates","0","0.00%","106","Content in URL"
"Low Content Pages","39","36.79%","106","Content in URL"
"Spelling Errors","0","0.00%","106","Content in URL"
"Grammar Errors","0","0.00%","106","Content in URL"
""
"Images"
"All","393","100.00%","393","Images with 2xx response"
"Over 100 KB","0","0.00%","393","Images with 2xx response"
"Missing Alt Text","2","0.51%","393","Images with 2xx response"
"Missing Alt Attribute","386","98.22%","393","Images with 2xx response"
"Alt Text Over 100 Characters","0","0.00%","393","Images with 2xx response"
""
"Canonicals"
"All","106","100.00%","106","Internal HTML or PDF pages with 2xx response"
"Contains Canonical","88","83.02%","106","Internal HTML or PDF pages with 2xx response"
"Self Referencing","54","50.94%","106","Internal HTML or PDF pages with 2xx response"
"Canonicalised","34","32.08%","106","Internal HTML or PDF pages with 2xx response"
"Missing","18","16.98%","106","Internal HTML or PDF pages with 2xx response"
"Multiple","0","0.00%","106","Internal HTML or PDF pages with 2xx response"
"Non-Indexable Canonical","34","32.08%","106","Internal HTML or PDF pages with 2xx response"
""
"Pagination"
"All","106","100.00%","106","Internal HTML pages with 2xx response"
"Contains Pagination","0","0.00%","106","Internal HTML pages with 2xx response"
"First Page","0","0.00%","106","Internal HTML pages with 2xx response"
"Paginated 2+ Pages","0","0.00%","106","Internal HTML pages with 2xx response"
"Pagination URL Not in Anchor Tag","0","0.00%","106","Internal HTML pages with 2xx response"
"Non-200 Pagination URLs","0","0.00%","106","Internal HTML pages with 2xx response"
"Unlinked Pagination URLs","0","0.00%","106","Internal HTML pages with 2xx response"
"Non-Indexable","0","0.00%","106","Internal HTML pages with 2xx response"
"Multiple Pagination URLs","0","0.00%","106","Internal HTML pages with 2xx response"
"Pagination Loop","0","0.00%","106","Internal HTML pages with 2xx response"
"Sequence Error","0","0.00%","106","Internal HTML pages with 2xx response"
""
"Directives"
"All","214","100.00%","214","Internal URLs with 2xx response"
"Index","0","0.00%","214","Internal URLs with 2xx response"
"Noindex","0","0.00%","214","Internal URLs with 2xx response"
"Follow","0","0.00%","214","Internal URLs with 2xx response"
"Nofollow","0","0.00%","214","Internal URLs with 2xx response"
"None","2","0.93%","214","Internal URLs with 2xx response"
"NoArchive","0","0.00%","214","Internal URLs with 2xx response"
"NoSnippet","0","0.00%","214","Internal URLs with 2xx response"
"Max-Snippet","0","0.00%","214","Internal URLs with 2xx response"
"Max-Image-Preview","0","0.00%","214","Internal URLs with 2xx response"
"Max-Video-Preview","0","0.00%","214","Internal URLs with 2xx response"
"NoODP","0","0.00%","214","Internal URLs with 2xx response"
"NoYDIR","0","0.00%","214","Internal URLs with 2xx response"
"NoImageIndex","0","0.00%","214","Internal URLs with 2xx response"
"NoTranslate","0","0.00%","214","Internal URLs with 2xx response"
"Unavailable_After","0","0.00%","214","Internal URLs with 2xx response"
"Refresh","0","0.00%","263","Internal HTML pages with 2xx response"
""
"Hreflang"
"All","106","100.00%","106","Internal pages with 2xx response"
"Contains hreflang","34","32.08%","106","Internal pages with 2xx response"
"Non-200 hreflang URLs","34","32.08%","106","Internal pages with 2xx response"
"Unlinked hreflang URLs","27","25.47%","106","Internal pages with 2xx response"
"Missing Return Links","0","0.00%","106","Internal pages with 2xx response"
"Inconsistent Language & Region Return Links","0","0.00%","106","Internal pages with 2xx response"
"Non-Canonical Return Links","0","0.00%","106","Internal pages with 2xx response"
"Noindex Return Links","0","0.00%","106","Internal pages with 2xx response"
"Incorrect Language & Region Codes","0","0.00%","106","Internal pages with 2xx response"
"Multiple Entries","0","0.00%","106","Internal pages with 2xx response"
"Missing Self Reference","0","0.00%","106","Internal pages with 2xx response"
"Not Using Canonical","0","0.00%","106","Internal pages with 2xx response"
"Missing X-Default","0","0.00%","106","Internal pages with 2xx response"
"Missing","72","67.92%","106","Internal pages with 2xx response"
""
"JavaScript"
"All","106","100.00%","106","Internal HTML pages with 2xx response"
"Pages with Blocked Resources","53","50.00%","106","Internal HTML pages with 2xx response"
"Contains JavaScript Links","37","34.91%","106","Internal HTML pages with 2xx response"
"Contains JavaScript Content","11","10.38%","106","Internal HTML pages with 2xx response"
"Noindex Only in Original HTML","0","0.00%","106","Internal HTML pages with 2xx response"
"Nofollow Only in Original HTML","0","0.00%","106","Internal HTML pages with 2xx response"
"Canonical Only in Rendered HTML","0","0.00%","106","Internal HTML pages with 2xx response"
"Canonical Mismatch","0","0.00%","106","Internal HTML pages with 2xx response"
"Page Title Only in Rendered HTML","1","0.94%","106","Internal HTML pages with 2xx response"
"Page Title Updated by JavaScript","8","7.55%","106","Internal HTML pages with 2xx response"
"Meta Description Only in Rendered HTML","1","0.94%","106","Internal HTML pages with 2xx response"
"Meta Description Updated by JavaScript","0","0.00%","106","Internal HTML pages with 2xx response"
"H1 Only in Rendered HTML","0","0.00%","106","Internal HTML pages with 2xx response"
"H1 Updated by JavaScript","0","0.00%","106","Internal HTML pages with 2xx response"
"Uses Old AJAX Crawling Scheme URLs","0","0.00%","106","Internal HTML pages with 2xx response"
"Uses Old AJAX Crawling Scheme Meta Fragment Tag","0","0.00%","106","Internal HTML pages with 2xx response"
""
"AMP"
"All","0","0.00%","0","Internal AMP URLs"
"Non-200 Response","0","0.00%","263","Internal HTML URLs"
"Missing Non-AMP Return Link","0","0.00%","0","Internal AMP URLs"
"Missing Canonical to Non-AMP","0","0.00%","0","Internal AMP URLs"
"Non-Indexable Canonical","0","0.00%","0","Internal AMP URLs"
"Indexable","0","0.00%","0","Internal AMP URLs"
"Non-Indexable","0","0.00%","0","Internal AMP URLs"
"Missing <html amp> Tag","0","0.00%","263","Internal HTML URLs"
"Missing/Invalid <!doctype html> Tag","0","0.00%","0","Internal AMP URLs"
"Missing <head> Tag","0","0.00%","0","Internal AMP URLs"
"Missing <body> Tag","0","0.00%","0","Internal AMP URLs"
"Missing Canonical","0","0.00%","0","Internal AMP URLs"
"Missing/Invalid <meta charset> Tag","0","0.00%","0","Internal AMP URLs"
"Missing/Invalid <meta viewport> Tag","0","0.00%","0","Internal AMP URLs"
"Missing/Invalid AMP Script","0","0.00%","0","Internal AMP URLs"
"Missing/Invalid AMP Boilerplate","0","0.00%","0","Internal AMP URLs"
"Contains Disallowed HTML","0","0.00%","0","Internal AMP URLs"
"Other Validation Errors","0","0.00%","0","Internal AMP URLs"
""
"Structured Data"
"All","106","100.00%","106","Structured Data in URL"
"Contains Structured Data","0","0.00%","106","Structured Data in URL"
"Missing","106","100.00%","106","Structured Data in URL"
"Validation Errors","0","0.00%","106","Structured Data in URL"
"Validation Warnings","0","0.00%","106","Structured Data in URL"
"Parse Errors","0","0.00%","106","Structured Data in URL"
"Microdata URLs","0","0.00%","106","Structured Data in URL"
"JSON-LD URLs","0","0.00%","106","Structured Data in URL"
"RDFa URLs","0","0.00%","106","Structured Data in URL"
""
"Sitemaps"
"All","325","100.00%","325","Internal HTML/XML pages"
"URLs in Sitemap","0","0.00%","325","Internal HTML/XML pages"
"URLs not in Sitemap","72","22.15%","325","Internal HTML/XML pages"
"Orphan URLs","0","0.00%","325","Internal HTML/XML pages"
"Non-Indexable URLs in Sitemap","0","0.00%","325","Internal HTML/XML pages"
"URLs in Multiple Sitemaps","0","0.00%","325","Internal HTML/XML pages"
"XML Sitemap with over 50k URLs","0","0.00%","325","Internal HTML/XML pages"
"XML Sitemap over 50MB","0","0.00%","325","Internal HTML/XML pages"
""
"PageSpeed"
"All","106","100.00%","106","PageSpeed Data"
"Eliminate Render-Blocking Resources","45","42.45%","106","PageSpeed Data"
"Properly Size Images","31","29.25%","106","PageSpeed Data"
"Defer Offscreen Images","1","0.94%","106","PageSpeed Data"
"Minify CSS","1","0.94%","106","PageSpeed Data"
"Minify JavaScript","0","0.00%","106","PageSpeed Data"
"Reduce Unused CSS","6","5.66%","106","PageSpeed Data"
"Reduce Unused JavaScript","97","91.51%","106","PageSpeed Data"
"Efficiently Encode Images","0","0.00%","106","PageSpeed Data"
"Serve Images in Next-Gen Formats","32","30.19%","106","PageSpeed Data"
"Enable Text Compression","8","7.55%","106","PageSpeed Data"
"Preconnect to Required Origins","0","0.00%","106","PageSpeed Data"
"Reduce Server Response Times (TTFB)","0","0.00%","106","PageSpeed Data"
"Avoid Multiple Page Redirects","0","0.00%","106","PageSpeed Data"
"Preload Key Requests","0","0.00%","106","PageSpeed Data"
"Use Video Formats for Animated Content","12","11.32%","106","PageSpeed Data"
"Avoid Excessive DOM Size","0","0.00%","106","PageSpeed Data"
"Reduce JavaScript Execution Time","0","0.00%","106","PageSpeed Data"
"Serve Static Assets with an Efficient Cache Policy","0","0.00%","106","PageSpeed Data"
"Minimize Main-Thread Work","0","0.00%","106","PageSpeed Data"
"Ensure Text Remains Visible During Webfont Load","0","0.00%","106","PageSpeed Data"
"Image Elements Do Not Have Explicit Width & Height","73","68.87%","106","PageSpeed Data"
"Avoid Large Layout Shifts","51","48.11%","106","PageSpeed Data"
"Avoid Serving Legacy JavaScript to Modern Browsers","97","91.51%","106","PageSpeed Data"
"Request Errors","9","8.49%","106","PageSpeed Data"
""
"Custom Search"
"All","106","100.00%","106","Internal HTML pages with 2xx response"
""
"Custom Extraction"
"All","106","100.00%","106","Internal HTML pages with 2xx response"
""
"Analytics"
"All","263","100.00%","263","Internal URLs with associated Google Analytics data"
"Sessions Above 0","0","0.00%","263","Internal URLs with associated Google Analytics data"
"Bounce Rate Above 70%","0","0.00%","263","Internal URLs with associated Google Analytics data"
"No GA Data","0","0.00%","263","Internal URLs with associated Google Analytics data"
"Non-Indexable with GA Data","0","0.00%","263","Internal URLs with associated Google Analytics data"
"Orphan URLs","0","0.00%","263","Internal URLs with associated Google Analytics data"
""
"Search Console"
"All","263","100.00%","263","Internal URLs with associated Google Search Console data"
"Clicks Above 0","0","0.00%","263","Internal URLs with associated Google Search Console data"
"No Search Analytics Data","0","0.00%","263","Internal URLs with associated Google Search Console data"
"Non-Indexable with Search Analytics Data","0","0.00%","263","Internal URLs with associated Google Search Console data"
"Orphan URLs","0","0.00%","263","Internal URLs with associated Google Search Console data"
"URL is Not on Google","0","0.00%","263","Internal URLs with associated Google Search Console data"
"Indexable URL Not Indexed","0","0.00%","263","Internal URLs with associated Google Search Console data"
"URL is on Google But Has Issues","0","0.00%","263","Internal URLs with associated Google Search Console data"
"User-Declared Canonical Not Selected","0","0.00%","263","Internal URLs with associated Google Search Console data"
"Page is Not Mobile Friendly","0","0.00%","263","Internal URLs with associated Google Search Console data"
"AMP URL Invalid","0","0.00%","263","Internal URLs with associated Google Search Console data"
"Rich Result Invalid","0","0.00%","263","Internal URLs with associated Google Search Console data"
""
"Link Metrics"
"All","265","100.00%","265","Internal HTML/PDF pages"
""
""
"Depth (Clicks from Start URL)"
"0","1","0.94%","106","Internal HTML pages with 2xx response"
"1","22","20.75%","106","Internal HTML pages with 2xx response"
"2","23","21.70%","106","Internal HTML pages with 2xx response"
"3","18","16.98%","106","Internal HTML pages with 2xx response"
"4","15","14.15%","106","Internal HTML pages with 2xx response"
"5","27","25.47%","106","Internal HTML pages with 2xx response"
"6","0","0.00%","106","Internal HTML pages with 2xx response"
"7","0","0.00%","106","Internal HTML pages with 2xx response"
"8","0","0.00%","106","Internal HTML pages with 2xx response"
"9","0","0.00%","106","Internal HTML pages with 2xx response"
"10+","0","0.00%","106","Internal HTML pages with 2xx response"
""
"Inlinks (Top 20 URLs)"
"https://docstation.co/","88","83.02%","106","Internal HTML pages with 2xx response"
"https://status.docstation.co/","60","56.60%","106","Internal HTML pages with 2xx response"
"https://app.docstation.co/login","55","51.89%","106","Internal HTML pages with 2xx response"
"https://docstation.co/legal/privacy-policy","53","50.00%","106","Internal HTML pages with 2xx response"
"https://docstation.co/legal/terms-of-service","53","50.00%","106","Internal HTML pages with 2xx response"
"https://landing.docstation.co/notify-v2","52","49.06%","106","Internal HTML pages with 2xx response"
"https://docstation.co/features/clinical-intelligence","52","49.06%","106","Internal HTML pages with 2xx response"
"https://docstation.co/company","52","49.06%","106","Internal HTML pages with 2xx response"
"https://docstation.co/security","52","49.06%","106","Internal HTML pages with 2xx response"
"https://docstation.co/features/billing-revenue","52","49.06%","106","Internal HTML pages with 2xx response"
"https://docstation.co/blog","52","49.06%","106","Internal HTML pages with 2xx response"
"https://docstation.co/solutions","52","49.06%","106","Internal HTML pages with 2xx response"
"https://docstation.co/solutions/employers","52","49.06%","106","Internal HTML pages with 2xx response"
"https://docstation.co/solutions/medicare","52","49.06%","106","Internal HTML pages with 2xx response"
"https://docstation.co/features/connectivity-integration","52","49.06%","106","Internal HTML pages with 2xx response"
"https://docstation.co/features/patient-case-management","52","49.06%","106","Internal HTML pages with 2xx response"
"https://docstation.co/solutions/medicaid","52","49.06%","106","Internal HTML pages with 2xx response"
"https://docstation.co/features/value-based-pharmacy","52","49.06%","106","Internal HTML pages with 2xx response"
"https://docstation.co/solutions/health-plans","52","49.06%","106","Internal HTML pages with 2xx response"
"https://docstation.co/solutions/pharmacies","52","49.06%","106","Internal HTML pages with 2xx response"
""
"Response Time (Seconds)","URLs","% of Total"
"1","321","86.52%"
"2","34","9.16%"
"3","6","1.62%"
"4","3","0.81%"
"5","0","0.00%"
"6","1","0.27%"
"7","1","0.27%"
"8","0","0.00%"
"9","1","0.27%"
"10","0","0.00%"
"11","4","1.08%"
