﻿"Address","Occurrences","H1-1","H1-1 Length","H1-2","H1-2 Length","Indexability","Indexability Status"
"https://blackbird.docstation.co/?p=%2Flegal%2Fterms-of-service&h=https%3A%2F%2Fdocstation.co&r=&sid=HOTVIUAS&qs={}&cid=24497161","0","","0","","0","Indexable",""
"https://docstation.co/blog/meet-josh","2","Meet Josh!","10","So let’s take a few moments to pause and learn about Josh, CTO and Co-founder at DocStation!","92","Indexable",""
"https://status.docstation.co/history/250cfaab56e5","0","","0","","0","Indexable",""
"https://blackbird.docstation.co/?p=%2Fsecurity&h=https%3A%2F%2Fdocstation.co&r=&sid=HOTVIUAS&qs={}&cid=87024426","0","","0","","0","Indexable",""
"https://status.docstation.co/history/f52e74126367","0","","0","","0","Indexable",""
"https://landing.docstation.co/notify-v2","0","","0","","0","Indexable",""
"https://help.docstation.co/en/articles/5374568-configuring-docstation-settings-for-claims-billing","1","Configuring DocStation Settings for Claims Billing","50","","0","Non-Indexable","Canonicalised"
"https://docstation.co/blog/meet-french","2","Meet French!","12","It’s time to get to know John French — Software Engineer at DocStation!","71","Indexable",""
"https://accounts.docstation.co/authorize?client_id=8rbCx1XV9cfU4XAQr5McVhVgJEiZh3KO&response_type=token%20id_token&response_mode=web_message&redirect_uri=https%3A%2F%2Fapp.docstation.co%2Fapi%2Faccount%2Fcallback&scope=openid%20profile%20email&state=KEEda4XW-gxpY9LdBaTneyW21u80Ntzl3UGE&nonce=fZNMClzhHk2oQFNfCr.v7MHhBiAG-j2b&prompt=none&auth0Client=eyJuYW1lIjoibG9jay5qcyIsInZlcnNpb24iOiIxMS4zMC4xIiwiZW52Ijp7ImF1dGgwLmpzIjoiOS4xNi4yIiwiYXV0aDAuanMtdWxwIjoiOS4xNi4yIn19","0","","0","","0","Indexable",""
"https://docstation.co/blog/docstation-achieves-level-2-capability-for-pharmacist-ecare-plan","1","DocStation achieves Level 2 capability for Pharmacist eCare Plan","64","","0","Indexable",""
"https://help.docstation.co/en/articles/3828429-covid-19-assessment-task","1","COVID-19 Assessment Task","24","","0","Non-Indexable","Canonicalised"
"https://help.docstation.co/en/articles/5374573-how-to-bill-a-claim","1","How to bill a Claim","19","","0","Non-Indexable","Canonicalised"
"https://help.docstation.co/en/articles/3063052-docstation-supported-browsers","1","DocStation Supported Browsers","29","","0","Non-Indexable","Canonicalised"
"https://help.docstation.co/en/articles/4490239-one-program-training","1","ONE Program Training","20","","0","Non-Indexable","Canonicalised"
"https://docstation.co/legal/privacy-policy","1","Privacy Policy","14","","0","Indexable",""
"https://docstation.co/blog/meet-christine","2","Meet Christine!","15","Here are some interesting and delightful facts about DocStation’s Director of Operations, Christine!","100","Indexable",""
"https://docstation.co/blog/docstation-partners-with-one-rx-to-combat-opioid-misuse-in-north-dakota","1","DocStation Partners with ONE Rx To Combat Opioid Misuse in North Dakota","71","","0","Indexable",""
"https://docstation.co/blog/pharmacists-on-the-front-line","2","Front-Line Pharmacists","22","In the Trenches","15","Indexable",""
"https://help.docstation.co/en/articles/4684568-healthpartners-mtm-program-how-to-get-started","1","HealthPartners MTM Program: How to Get Started","46","","0","Non-Indexable","Canonicalised"
"https://docstation.co/features/clinical-intelligence","1","Unique insights previously unavailable","38","","0","Indexable",""
"https://help.docstation.co/en/articles/3829025-covid-19-education-resources","1","COVID-19 Education Resources","28","","0","Non-Indexable","Canonicalised"
"https://docstation.co/blog/meet-john","2","Meet John!","10","So let’s get to know John— DocStation’s Director of Finance, why don’t we!","74","Indexable",""
"https://docstation.co/blog/meet-amanda","2","Meet Amanda!","12","Let’s learn more about Amanda, Operations Associate at DocStation!","66","Indexable",""
"https://docstation.co/company","1","The future is patients, not pills.","34","","0","Indexable",""
"https://docstation.co/blog/the-pharmacist-ecare-plan","2","The Pharmacist eCare Plan","25","What Pharmacists Need to Know","29","Indexable",""
"https://docstation.co/blog/the-applications-of-blockchain-technology-in-healthcare","1","The Applications of Blockchain Technology in Healthcare","55","","0","Indexable",""
"https://docstation.co/legal/business-associate-agreement","1","Business Associate Agreement","28","","0","Indexable",""
"https://docstation.co/blog/why-pharmacist-provider-status-is-inevitable","1","Provider Status is Inevitable","29","","0","Indexable",""
"https://docstation.co/blog/docstation-released-to-pharmacy-innovators","1","DocStation released to Pharmacy Innovators","42","","0","Indexable",""
"https://status.docstation.co/history/c647b42eb351","0","","0","","0","Indexable",""
"https://status.docstation.co/","0","","0","","0","Indexable",""
"https://status.docstation.co/history/26c6874c2f40","0","","0","","0","Indexable",""
"https://status.docstation.co/history","0","","0","","0","Indexable",""
"https://blackbird.docstation.co/?p=%2F&h=https%3A%2F%2Fdocstation.co&r=&sid=HOTVIUAS&qs={}&cid=32098627","0","","0","","0","Indexable",""
"https://blackbird.docstation.co/?p=%2Fsolutions%2Fhealth-plans&h=https%3A%2F%2Fdocstation.co&r=&sid=HOTVIUAS&qs={}&cid=51113981","0","","0","","0","Indexable",""
"https://docstation.co/blog/what-the-new-cms-proposed-rule-means-for-mtm-programs-in-2021","2","What the New CMS Proposed Rule Means for MTM Programs in 2021","61","Pharmacy Performance Measures","29","Indexable",""
"https://docstation.co/security","1","Comprehensive data protection","29","","0","Indexable",""
"https://help.docstation.co/en/articles/5076934-comprehensive-medication-review-task","1","Comprehensive Medication Review Task","36","","0","Non-Indexable","Canonicalised"
"https://help.docstation.co/en/collections/3067603-medical-billing","1","Medical Billing","15","","0","Non-Indexable","Canonicalised"
"https://help.docstation.co/en/articles/3836244-covid-19-information","1","COVID-19 Information","20","","0","Non-Indexable","Canonicalised"
"https://docstation.co/blog/pharmacist-providers-an-untapped-healthcare-resource","1","Pharmacist Providers: An Untapped Resource","42","","0","Indexable",""
"https://app.docstation.co/login","0","","0","","0","Indexable",""
"https://docstation.co/blog/staying-sane-while-working-remotely-tips-from-a-healthcare-company","2","Staying sane while working remotely, tips from a Healthcare company","67","Introduction","12","Indexable",""
"https://help.docstation.co/en/","1","Advice and answers from the DocStation Team","43","","0","Non-Indexable","Canonicalised"
"https://help.docstation.co/en/collections/1838431-docstation-payment-programs","1","DocStation Payment Programs","27","","0","Non-Indexable","Canonicalised"
"https://docstation.co/blog/3","2","DocStation released to Pharmacy Innovators","42","DocStation’s Tour de Pharmacies 2018","36","Indexable",""
"https://docstation.co/blog/2","2","Front-Line Pharmacists","22","Meet Christine!","15","Indexable",""
"https://docstation.co/blog/lessons-from-the-road","2","Lessons from the Road","21","The Pharmacy Innovators","23","Indexable",""
"https://docstation.co/legal/responsible-disclosure","1","Responsible Disclosure","22","","0","Indexable",""
"https://blackbird.docstation.co/?p=%2Fsolutions%2Fhealth-plans&h=https%3A%2F%2Fdocstation.co&r=&sid=HOTVIUAS&qs={}&cid=45994053","0","","0","","0","Indexable",""
"https://help.docstation.co/en/articles/6177671-diabetes-eye-exam-assessment","1","Diabetes Eye Exam Assessment","28","","0","Non-Indexable","Canonicalised"
"https://docstation.co/features/billing-revenue","1","We believe pharmacists are providers, too","41","","0","Indexable",""
"https://help.docstation.co/en/collections/1838427-account-management","1","Account Management","18","","0","Non-Indexable","Canonicalised"
"https://help.docstation.co/en/articles/3094122-login-access-expired","1","Login Access Expired","20","","0","Non-Indexable","Canonicalised"
"https://docstation.co/blog/leveraging-technology-for-value-based-pharmacy-models","1","Leveraging Technology for Value-Based Pharmacy Models","53","","0","Indexable",""
"https://docstation.co/","1","An Intervention for Today's Pharmacy","36","","0","Indexable",""
"https://status.docstation.co/history/92ccb529d9ff","0","","0","","0","Indexable",""
"https://docstation.co/blog/the-freecare-plan-for-pharmacists","2","*The *freeCare Plan for Pharmacists","35","The eCare Conundrum","19","Indexable",""
"https://docstation.co/blog/wait-can-pharmacists-bill-for-the-coronavirus-test","2","Wait — Can Pharmacists Bill for the Coronavirus Test?","53","How Billing Works","17","Indexable",""
"https://docstation.co/legal/terms-of-service","1","Terms of Service","16","","0","Indexable",""
"https://help.docstation.co/en/collections/1609111-docstation-tasks","1","DocStation Tasks","16","","0","Non-Indexable","Canonicalised"
"https://help.docstation.co/en/articles/5076940-getting-started-with-claims-and-billing","1","Getting Started with Claims and Billing","39","","0","Non-Indexable","Canonicalised"
"https://help.docstation.co/en/articles/4151492-importing-a-csv-file","1","Importing a CSV File","20","","0","Non-Indexable","Canonicalised"
"https://docstation.co/blog","2","DocStation Partners with ONE Rx To Combat Opioid Misuse in North Dakota","71","DocStation Raises $3.1M To Make Pharmacists Front-Line Providers","64","Indexable",""
"https://status.docstation.co/history/339a6d9fa538","0","","0","","0","Indexable",""
"https://docstation.co/blog/meet-chris","2","Meet Chris!","11","Alrighty! Let’s learn more about Chris — Software Engineer at DocStation!","73","Indexable",""
"https://docstation.co/solutions","1","DocStation for Pharmacists","26","","0","Indexable",""
"https://blackbird.docstation.co/?p=%2Fcompany&h=https%3A%2F%2Fdocstation.co&r=&sid=HOTVIUAS&qs={}&cid=8491885","0","","0","","0","Indexable",""
"https://help.docstation.co/en/articles/4381072-north-dakota-medicaid-mtm-program","1","North Dakota Medicaid MTM Program","33","","0","Non-Indexable","Canonicalised"
"https://help.docstation.co/en/articles/3063067-add-a-new-team-member-user","1","Add a new team member / user","28","","0","Non-Indexable","Canonicalised"
"https://docstation.co/legal/add-on-terms","1","Add-On Service Terms and Conditions","35","","0","Indexable",""
"https://docstation.co/blog/docstation-raises-3-1m-to-make-pharmacists-front-line-providers","1","DocStation Raises $3.1M To Make Pharmacists Front-Line Providers","64","","0","Indexable",""
"https://help.docstation.co/en/articles/3028288-training-for-new-users","1","Training for New Users","22","","0","Non-Indexable","Canonicalised"
"https://docstation.co/blog/meet-rishi","2","Meet Rishi!","11","What else did IBM convince Rishi to do? Let’s find out! Here are some fun facts about Rishi — Full Stack Engineer at DocStation.","128","Indexable",""
"https://docstation.co/solutions/employers","1","DocStation for Employers","24","","0","Indexable",""
"https://docstation.co/solutions/medicare","1","DocStation for Medicare","23","","0","Indexable",""
"https://docstation.co/features/connectivity-integration","1","Separate logins are in the past","31","","0","Indexable",""
"https://help.docstation.co/en/collections/2222973-covid-19-resources","1","COVID-19 Resources","18","","0","Non-Indexable","Canonicalised"
"https://help.docstation.co/en/articles/3472434-pharmacy-innovators-meetings-and-community-resources","1","Pharmacy Innovators Meetings and Community Resources","52","","0","Non-Indexable","Canonicalised"
"https://blackbird.docstation.co/?p=%2F&h=https%3A%2F%2Fdocstation.co&r=&sid=HOTVIUAS&qs={}&cid=2348002","0","","0","","0","Indexable",""
"https://help.docstation.co/en/articles/3063073-how-to-sign-up-for-docstation","1","How to sign up for DocStation","29","","0","Non-Indexable","Canonicalised"
"https://docstation.co/blog/the-future-of-pharmacy-is-value-based-part-two","1","The Future of Pharmacy is Value-Based, Part Two","47","","0","Indexable",""
"https://docstation.co/features/patient-case-management","1","Manage All Your Patients in One, Easy Place","43","","0","Indexable",""
"https://docstation.co/blog/meet-samm","1","Meet Samm!","10","","0","Indexable",""
"https://help.docstation.co/en/articles/3636468-pharmacist-ecare-plans","1","Pharmacist eCare Plans","22","","0","Non-Indexable","Canonicalised"
"https://docstation.co/solutions/medicaid","1","DocStation for Medicaid","23","","0","Indexable",""
"https://docstation.co/features/value-based-pharmacy","1","Provide clinical services — and get paid","40","","0","Indexable",""
"https://docstation.co/blog/meet-aubree","2","Meet Aubree!","12","So let’s learn a bit more about Aubree, Manager of Outreach and Customer Success at DocStation!","95","Indexable",""
"https://help.docstation.co/en/articles/5359885-one-program-screening-follow-up-task","1","ONE Program Screening Follow Up Task","36","","0","Non-Indexable","Canonicalised"
"https://help.docstation.co/en/articles/4499211-single-sign-on-sso-for-enterprise-accounts","1","Single Sign On (SSO) for Enterprise Accounts","44","","0","Non-Indexable","Canonicalised"
"https://help.docstation.co/en/articles/5168263-north-dakota-one-program-details","1","North Dakota ONE Program Details","32","","0","Non-Indexable","Canonicalised"
"https://help.docstation.co/en/collections/2461790-getting-started-with-docstation","1","Getting Started with DocStation","31","","0","Non-Indexable","Canonicalised"
"https://docstation.co/solutions/health-plans","0","","0","","0","Indexable",""
"https://docstation.co/blog/docstations-tour-de-pharmacies-2018","1","DocStation’s Tour de Pharmacies 2018","36","","0","Indexable",""
"https://help.docstation.co/en/articles/3063063-how-to-change-or-reset-your-password","1","How to change or reset your password","36","","0","Non-Indexable","Canonicalised"
"https://docstation.co/blog/meet-simon","2","Meet Simon!","11","Ok, let’s learn more about Simon — Clinical Systems Analyst, shall we? We shall!","80","Indexable",""
"https://help.docstation.co/en/articles/3028259-pharmacy-technicians-and-students","1","Pharmacy Technicians and Students","33","","0","Non-Indexable","Canonicalised"
"https://docstation.co/solutions/pharmacies","1","DocStation for Pharmacies","25","","0","Indexable",""
"https://docstation.co/blog/meet-jeff","2","Meet Jeff!","10","Let’s learn more about Jeff — Data Engineer at DocStation!","58","Indexable",""
"https://blackbird.docstation.co/?p=%2Ffeatures%2Fbilling-revenue&h=https%3A%2F%2Fdocstation.co&r=&sid=HOTVIUAS&qs={}&cid=69901883","0","","0","","0","Indexable",""
"https://docstation.co/blog/the-case-for-specialty-pharmacy-data-standards","2","The Power of Specialty Pharmacy Data","36","Specialty Pharmacy","18","Indexable",""
"https://landing.docstation.co/notify","1","Tell us about yourself...","25","","0","Indexable",""
"https://help.docstation.co/en/articles/4677317-north-dakota-medicaid-mtm-program-how-to-get-started","1","North Dakota Medicaid MTM Program: How to Get Started","53","","0","Non-Indexable","Canonicalised"
"https://docstation.co/features","1","DocStation Features","19","","0","Indexable",""
"https://help.docstation.co/en/articles/4677469-forwardhealth-mtm-program-how-to-get-started","1","ForwardHealth MTM Program: How to Get Started","45","","0","Non-Indexable","Canonicalised"
"https://help.docstation.co/en/articles/4169699-enabling-integrations","1","Enabling Integrations","21","","0","Non-Indexable","Canonicalised"
