﻿"Type","Source","Destination","hreflang","Size (Bytes)","Alt Text","Anchor","Status Code","Status","Follow","Target","Rel","Path Type","Unlinked","Link Path","Link Position","Link Origin"
"HTTP Redirect","https://help.docstation.co/en/articles/4490239-one-rx-project-training","http://help.docstation.co/en/articles/4490239-one-program-training","","183","","","301","Moved Permanently","true","","","Absolute","false","","","HTTP"
"HTML Hreflang","https://help.docstation.co/en/articles/4490239-one-program-training","http://help.docstation.co/en/articles/4490239-one-program-training","en","183","","","301","Moved Permanently","true","","","Absolute","true","//head/link[2]","Head","HTML & Rendered HTML"
"HTML Hreflang","https://help.docstation.co/en/articles/4490239-one-program-training","http://help.docstation.co/en/articles/4490239-one-program-training","x-default","183","","","301","Moved Permanently","true","","","Absolute","true","//head/link[3]","Head","HTML & Rendered HTML"
"HTML Hreflang","https://help.docstation.co/en/articles/3472434-pharmacy-innovators-meetings-and-community-resources","http://help.docstation.co/en/articles/3472434-pharmacy-innovators-meetings-and-community-resources","en","183","","","301","Moved Permanently","true","","","Absolute","true","//head/link[2]","Head","HTML & Rendered HTML"
"HTML Hreflang","https://help.docstation.co/en/articles/3472434-pharmacy-innovators-meetings-and-community-resources","http://help.docstation.co/en/articles/3472434-pharmacy-innovators-meetings-and-community-resources","x-default","183","","","301","Moved Permanently","true","","","Absolute","true","//head/link[3]","Head","HTML & Rendered HTML"
"HTML Hreflang","https://help.docstation.co/en/collections/1838431-docstation-payment-programs","http://help.docstation.co/en/collections/1838431-docstation-payment-programs","en","183","","","301","Moved Permanently","true","","","Absolute","true","//head/link[2]","Head","HTML & Rendered HTML"
"HTML Hreflang","https://help.docstation.co/en/collections/1838431-docstation-payment-programs","http://help.docstation.co/en/collections/1838431-docstation-payment-programs","x-default","183","","","301","Moved Permanently","true","","","Absolute","true","//head/link[3]","Head","HTML & Rendered HTML"
"HTML Hreflang","https://help.docstation.co/en/articles/3063073-how-to-sign-up-for-docstation","http://help.docstation.co/en/articles/3063073-how-to-sign-up-for-docstation","en","183","","","301","Moved Permanently","true","","","Absolute","true","//head/link[2]","Head","HTML & Rendered HTML"
"HTML Hreflang","https://help.docstation.co/en/articles/3063073-how-to-sign-up-for-docstation","http://help.docstation.co/en/articles/3063073-how-to-sign-up-for-docstation","x-default","183","","","301","Moved Permanently","true","","","Absolute","true","//head/link[3]","Head","HTML & Rendered HTML"
"HTML Hreflang","https://help.docstation.co/en/articles/3028259-pharmacy-technicians-and-students","http://help.docstation.co/en/articles/3028259-pharmacy-technicians-and-students","en","183","","","301","Moved Permanently","true","","","Absolute","true","//head/link[2]","Head","HTML & Rendered HTML"
"HTML Hreflang","https://help.docstation.co/en/articles/3028259-pharmacy-technicians-and-students","http://help.docstation.co/en/articles/3028259-pharmacy-technicians-and-students","x-default","183","","","301","Moved Permanently","true","","","Absolute","true","//head/link[3]","Head","HTML & Rendered HTML"
"HTML Hreflang","https://help.docstation.co/en/articles/4684568-healthpartners-mtm-program-how-to-get-started","http://help.docstation.co/en/articles/4684568-healthpartners-mtm-program-how-to-get-started","en","183","","","301","Moved Permanently","true","","","Absolute","true","//head/link[2]","Head","HTML & Rendered HTML"
"HTML Hreflang","https://help.docstation.co/en/articles/4684568-healthpartners-mtm-program-how-to-get-started","http://help.docstation.co/en/articles/4684568-healthpartners-mtm-program-how-to-get-started","x-default","183","","","301","Moved Permanently","true","","","Absolute","true","//head/link[3]","Head","HTML & Rendered HTML"
"HTML Hreflang","https://help.docstation.co/en/articles/3828429-covid-19-assessment-task","http://help.docstation.co/en/articles/3828429-covid-19-assessment-task","en","183","","","301","Moved Permanently","true","","","Absolute","true","//head/link[2]","Head","HTML & Rendered HTML"
"HTML Hreflang","https://help.docstation.co/en/articles/3828429-covid-19-assessment-task","http://help.docstation.co/en/articles/3828429-covid-19-assessment-task","x-default","183","","","301","Moved Permanently","true","","","Absolute","true","//head/link[3]","Head","HTML & Rendered HTML"
"HTML Hreflang","https://help.docstation.co/en/collections/3067603-medical-billing","http://help.docstation.co/en/collections/3067603-medical-billing","en","183","","","301","Moved Permanently","true","","","Absolute","true","//head/link[2]","Head","HTML & Rendered HTML"
"HTML Hreflang","https://help.docstation.co/en/collections/3067603-medical-billing","http://help.docstation.co/en/collections/3067603-medical-billing","x-default","183","","","301","Moved Permanently","true","","","Absolute","true","//head/link[3]","Head","HTML & Rendered HTML"
"HTML Hreflang","https://help.docstation.co/en/articles/4381072-north-dakota-medicaid-mtm-program","http://help.docstation.co/en/articles/4381072-north-dakota-medicaid-mtm-program","en","183","","","301","Moved Permanently","true","","","Absolute","true","//head/link[2]","Head","HTML & Rendered HTML"
"HTML Hreflang","https://help.docstation.co/en/articles/4381072-north-dakota-medicaid-mtm-program","http://help.docstation.co/en/articles/4381072-north-dakota-medicaid-mtm-program","x-default","183","","","301","Moved Permanently","true","","","Absolute","true","//head/link[3]","Head","HTML & Rendered HTML"
"HTTP Redirect","https://help.docstation.co/en/articles/5359885-one-rx-screening-follow-up-task","http://help.docstation.co/en/articles/5359885-one-program-screening-follow-up-task","","183","","","301","Moved Permanently","true","","","Absolute","false","","","HTTP"
"HTML Hreflang","https://help.docstation.co/en/articles/5359885-one-program-screening-follow-up-task","http://help.docstation.co/en/articles/5359885-one-program-screening-follow-up-task","en","183","","","301","Moved Permanently","true","","","Absolute","true","//head/link[2]","Head","HTML & Rendered HTML"
"HTML Hreflang","https://help.docstation.co/en/articles/5359885-one-program-screening-follow-up-task","http://help.docstation.co/en/articles/5359885-one-program-screening-follow-up-task","x-default","183","","","301","Moved Permanently","true","","","Absolute","true","//head/link[3]","Head","HTML & Rendered HTML"
"HTML Hreflang","https://help.docstation.co/en/articles/4677469-forwardhealth-mtm-program-how-to-get-started","http://help.docstation.co/en/articles/4677469-forwardhealth-mtm-program-how-to-get-started","en","183","","","301","Moved Permanently","true","","","Absolute","true","//head/link[2]","Head","HTML & Rendered HTML"
"HTML Hreflang","https://help.docstation.co/en/articles/4677469-forwardhealth-mtm-program-how-to-get-started","http://help.docstation.co/en/articles/4677469-forwardhealth-mtm-program-how-to-get-started","x-default","183","","","301","Moved Permanently","true","","","Absolute","true","//head/link[3]","Head","HTML & Rendered HTML"
"HTTP Redirect","https://help.docstation.co/","http://help.docstation.co/en/","","183","","","301","Moved Permanently","true","","","Absolute","false","","","HTTP"
"HTML Hreflang","https://help.docstation.co/en/","http://help.docstation.co/en/","en","183","","","301","Moved Permanently","true","","","Absolute","true","//head/link[2]","Head","HTML & Rendered HTML"
"HTML Hreflang","https://help.docstation.co/en/","http://help.docstation.co/en/","x-default","183","","","301","Moved Permanently","true","","","Absolute","true","//head/link[3]","Head","HTML & Rendered HTML"
"HTTP Redirect","https://help.docstation.co/en/articles/5168263-north-dakota-one-rx-project-details","http://help.docstation.co/en/articles/5168263-north-dakota-one-program-details","","183","","","301","Moved Permanently","true","","","Absolute","false","","","HTTP"
"HTML Hreflang","https://help.docstation.co/en/articles/5168263-north-dakota-one-program-details","http://help.docstation.co/en/articles/5168263-north-dakota-one-program-details","en","183","","","301","Moved Permanently","true","","","Absolute","true","//head/link[2]","Head","HTML & Rendered HTML"
"HTML Hreflang","https://help.docstation.co/en/articles/5168263-north-dakota-one-program-details","http://help.docstation.co/en/articles/5168263-north-dakota-one-program-details","x-default","183","","","301","Moved Permanently","true","","","Absolute","true","//head/link[3]","Head","HTML & Rendered HTML"
"HTML Hreflang","https://help.docstation.co/en/articles/6177671-diabetes-eye-exam-assessment","http://help.docstation.co/en/articles/6177671-diabetes-eye-exam-assessment","en","183","","","301","Moved Permanently","true","","","Absolute","true","//head/link[2]","Head","HTML & Rendered HTML"
"HTML Hreflang","https://help.docstation.co/en/articles/6177671-diabetes-eye-exam-assessment","http://help.docstation.co/en/articles/6177671-diabetes-eye-exam-assessment","x-default","183","","","301","Moved Permanently","true","","","Absolute","true","//head/link[3]","Head","HTML & Rendered HTML"
"HTML Hreflang","https://help.docstation.co/en/collections/2461790-getting-started-with-docstation","http://help.docstation.co/en/collections/2461790-getting-started-with-docstation","en","183","","","301","Moved Permanently","true","","","Absolute","true","//head/link[2]","Head","HTML & Rendered HTML"
"HTML Hreflang","https://help.docstation.co/en/collections/2461790-getting-started-with-docstation","http://help.docstation.co/en/collections/2461790-getting-started-with-docstation","x-default","183","","","301","Moved Permanently","true","","","Absolute","true","//head/link[3]","Head","HTML & Rendered HTML"
"HTML Hreflang","https://help.docstation.co/en/articles/4499211-single-sign-on-sso-for-enterprise-accounts","http://help.docstation.co/en/articles/4499211-single-sign-on-sso-for-enterprise-accounts","en","183","","","301","Moved Permanently","true","","","Absolute","true","//head/link[2]","Head","HTML & Rendered HTML"
"HTML Hreflang","https://help.docstation.co/en/articles/4499211-single-sign-on-sso-for-enterprise-accounts","http://help.docstation.co/en/articles/4499211-single-sign-on-sso-for-enterprise-accounts","x-default","183","","","301","Moved Permanently","true","","","Absolute","true","//head/link[3]","Head","HTML & Rendered HTML"
"HTML Hreflang","https://help.docstation.co/en/collections/2222973-covid-19-resources","http://help.docstation.co/en/collections/2222973-covid-19-resources","en","183","","","301","Moved Permanently","true","","","Absolute","true","//head/link[2]","Head","HTML & Rendered HTML"
"HTML Hreflang","https://help.docstation.co/en/collections/2222973-covid-19-resources","http://help.docstation.co/en/collections/2222973-covid-19-resources","x-default","183","","","301","Moved Permanently","true","","","Absolute","true","//head/link[3]","Head","HTML & Rendered HTML"
"HTML Hreflang","https://help.docstation.co/en/collections/1838427-account-management","http://help.docstation.co/en/collections/1838427-account-management","en","183","","","301","Moved Permanently","true","","","Absolute","true","//head/link[2]","Head","HTML & Rendered HTML"
"HTML Hreflang","https://help.docstation.co/en/collections/1838427-account-management","http://help.docstation.co/en/collections/1838427-account-management","x-default","183","","","301","Moved Permanently","true","","","Absolute","true","//head/link[3]","Head","HTML & Rendered HTML"
"HTML Hreflang","https://help.docstation.co/en/articles/3836244-covid-19-information","http://help.docstation.co/en/articles/3836244-covid-19-information","en","183","","","301","Moved Permanently","true","","","Absolute","true","//head/link[2]","Head","HTML & Rendered HTML"
"HTML Hreflang","https://help.docstation.co/en/articles/3836244-covid-19-information","http://help.docstation.co/en/articles/3836244-covid-19-information","x-default","183","","","301","Moved Permanently","true","","","Absolute","true","//head/link[3]","Head","HTML & Rendered HTML"
"HTML Hreflang","https://help.docstation.co/en/articles/3063052-docstation-supported-browsers","http://help.docstation.co/en/articles/3063052-docstation-supported-browsers","en","183","","","301","Moved Permanently","true","","","Absolute","true","//head/link[2]","Head","HTML & Rendered HTML"
"HTML Hreflang","https://help.docstation.co/en/articles/3063052-docstation-supported-browsers","http://help.docstation.co/en/articles/3063052-docstation-supported-browsers","x-default","183","","","301","Moved Permanently","true","","","Absolute","true","//head/link[3]","Head","HTML & Rendered HTML"
"HTML Hreflang","https://help.docstation.co/en/articles/5374573-how-to-bill-a-claim","http://help.docstation.co/en/articles/5374573-how-to-bill-a-claim","en","183","","","301","Moved Permanently","true","","","Absolute","true","//head/link[2]","Head","HTML & Rendered HTML"
"HTML Hreflang","https://help.docstation.co/en/articles/5374573-how-to-bill-a-claim","http://help.docstation.co/en/articles/5374573-how-to-bill-a-claim","x-default","183","","","301","Moved Permanently","true","","","Absolute","true","//head/link[3]","Head","HTML & Rendered HTML"
"HTML Hreflang","https://help.docstation.co/en/articles/3063063-how-to-change-or-reset-your-password","http://help.docstation.co/en/articles/3063063-how-to-change-or-reset-your-password","en","183","","","301","Moved Permanently","true","","","Absolute","true","//head/link[2]","Head","HTML & Rendered HTML"
"HTML Hreflang","https://help.docstation.co/en/articles/3063063-how-to-change-or-reset-your-password","http://help.docstation.co/en/articles/3063063-how-to-change-or-reset-your-password","x-default","183","","","301","Moved Permanently","true","","","Absolute","true","//head/link[3]","Head","HTML & Rendered HTML"
"HTML Hreflang","https://help.docstation.co/en/articles/3094122-login-access-expired","http://help.docstation.co/en/articles/3094122-login-access-expired","en","183","","","301","Moved Permanently","true","","","Absolute","true","//head/link[2]","Head","HTML & Rendered HTML"
"HTML Hreflang","https://help.docstation.co/en/articles/3094122-login-access-expired","http://help.docstation.co/en/articles/3094122-login-access-expired","x-default","183","","","301","Moved Permanently","true","","","Absolute","true","//head/link[3]","Head","HTML & Rendered HTML"
"HTML Hreflang","https://help.docstation.co/en/articles/3636468-pharmacist-ecare-plans","http://help.docstation.co/en/articles/3636468-pharmacist-ecare-plans","en","183","","","301","Moved Permanently","true","","","Absolute","true","//head/link[2]","Head","HTML & Rendered HTML"
"HTML Hreflang","https://help.docstation.co/en/articles/3636468-pharmacist-ecare-plans","http://help.docstation.co/en/articles/3636468-pharmacist-ecare-plans","x-default","183","","","301","Moved Permanently","true","","","Absolute","true","//head/link[3]","Head","HTML & Rendered HTML"
"HTML Hreflang","https://help.docstation.co/en/articles/3829025-covid-19-education-resources","http://help.docstation.co/en/articles/3829025-covid-19-education-resources","en","183","","","301","Moved Permanently","true","","","Absolute","true","//head/link[2]","Head","HTML & Rendered HTML"
"HTML Hreflang","https://help.docstation.co/en/articles/3829025-covid-19-education-resources","http://help.docstation.co/en/articles/3829025-covid-19-education-resources","x-default","183","","","301","Moved Permanently","true","","","Absolute","true","//head/link[3]","Head","HTML & Rendered HTML"
"HTML Hreflang","https://help.docstation.co/en/collections/1609111-docstation-tasks","http://help.docstation.co/en/collections/1609111-docstation-tasks","en","183","","","301","Moved Permanently","true","","","Absolute","true","//head/link[2]","Head","HTML & Rendered HTML"
"HTML Hreflang","https://help.docstation.co/en/collections/1609111-docstation-tasks","http://help.docstation.co/en/collections/1609111-docstation-tasks","x-default","183","","","301","Moved Permanently","true","","","Absolute","true","//head/link[3]","Head","HTML & Rendered HTML"
"HTML Hreflang","https://help.docstation.co/en/articles/3028288-training-for-new-users","http://help.docstation.co/en/articles/3028288-training-for-new-users","en","183","","","301","Moved Permanently","true","","","Absolute","true","//head/link[2]","Head","HTML & Rendered HTML"
"HTML Hreflang","https://help.docstation.co/en/articles/3028288-training-for-new-users","http://help.docstation.co/en/articles/3028288-training-for-new-users","x-default","183","","","301","Moved Permanently","true","","","Absolute","true","//head/link[3]","Head","HTML & Rendered HTML"
