﻿"Type","Source","Destination","hreflang","Size (Bytes)","Alt Text","Anchor","Status Code","Status","Follow","Target","Rel","Path Type","Unlinked","Link Path","Link Position","Link Origin"
"Hyperlink","https://help.docstation.co/en/articles/5168263-north-dakota-one-program-details","http://help.docstation.co/en/articles/4151492-importing-a-csv-file","","183","","Importing a CSV File","301","Moved Permanently","true","","","Absolute","false","//body/div/div/section/div[2]/div[1]/div/article/p[@class='no-margin'][7]/a[@class='intercom-content-link'][2]","Content","HTML & Rendered HTML"
"HTML Hreflang","https://help.docstation.co/en/articles/4151492-importing-a-csv-file","http://help.docstation.co/en/articles/4151492-importing-a-csv-file","en","183","","","301","Moved Permanently","true","","","Absolute","false","//head/link[2]","Head","HTML & Rendered HTML"
"HTML Hreflang","https://help.docstation.co/en/articles/4151492-importing-a-csv-file","http://help.docstation.co/en/articles/4151492-importing-a-csv-file","x-default","183","","","301","Moved Permanently","true","","","Absolute","false","//head/link[3]","Head","HTML & Rendered HTML"
"HTTP Redirect","https://help.docstation.co/en/articles/4490239-one-rx-project-training","http://help.docstation.co/en/articles/4490239-one-program-training","","183","","","301","Moved Permanently","true","","","Absolute","false","","","HTTP"
"HTML Hreflang","https://help.docstation.co/en/articles/4490239-one-program-training","http://help.docstation.co/en/articles/4490239-one-program-training","en","183","","","301","Moved Permanently","true","","","Absolute","true","//head/link[2]","Head","HTML & Rendered HTML"
"HTML Hreflang","https://help.docstation.co/en/articles/4490239-one-program-training","http://help.docstation.co/en/articles/4490239-one-program-training","x-default","183","","","301","Moved Permanently","true","","","Absolute","true","//head/link[3]","Head","HTML & Rendered HTML"
"HTML Hreflang","https://help.docstation.co/en/articles/3472434-pharmacy-innovators-meetings-and-community-resources","http://help.docstation.co/en/articles/3472434-pharmacy-innovators-meetings-and-community-resources","en","183","","","301","Moved Permanently","true","","","Absolute","true","//head/link[2]","Head","HTML & Rendered HTML"
"HTML Hreflang","https://help.docstation.co/en/articles/3472434-pharmacy-innovators-meetings-and-community-resources","http://help.docstation.co/en/articles/3472434-pharmacy-innovators-meetings-and-community-resources","x-default","183","","","301","Moved Permanently","true","","","Absolute","true","//head/link[3]","Head","HTML & Rendered HTML"
"Hyperlink","https://help.docstation.co/en/articles/5374573-how-to-bill-a-claim","http://help.docstation.co/en/articles/5374568-configuring-docstation-settings-for-claims-billing","","183","","verify your settings are configured correctly","301","Moved Permanently","true","","","Absolute","false","//body/div/div/section/div[2]/div[1]/div/article/p[@class='no-margin'][1]/a[@class='intercom-content-link'][2]","Content","HTML & Rendered HTML"
"HTML Hreflang","https://help.docstation.co/en/articles/5374568-configuring-docstation-settings-for-claims-billing","http://help.docstation.co/en/articles/5374568-configuring-docstation-settings-for-claims-billing","en","183","","","301","Moved Permanently","true","","","Absolute","false","//head/link[2]","Head","HTML & Rendered HTML"
"HTML Hreflang","https://help.docstation.co/en/articles/5374568-configuring-docstation-settings-for-claims-billing","http://help.docstation.co/en/articles/5374568-configuring-docstation-settings-for-claims-billing","x-default","183","","","301","Moved Permanently","true","","","Absolute","false","//head/link[3]","Head","HTML & Rendered HTML"
"HTML Hreflang","https://help.docstation.co/en/collections/1838431-docstation-payment-programs","http://help.docstation.co/en/collections/1838431-docstation-payment-programs","en","183","","","301","Moved Permanently","true","","","Absolute","true","//head/link[2]","Head","HTML & Rendered HTML"
"HTML Hreflang","https://help.docstation.co/en/collections/1838431-docstation-payment-programs","http://help.docstation.co/en/collections/1838431-docstation-payment-programs","x-default","183","","","301","Moved Permanently","true","","","Absolute","true","//head/link[3]","Head","HTML & Rendered HTML"
"HTML Hreflang","https://help.docstation.co/en/articles/3063073-how-to-sign-up-for-docstation","http://help.docstation.co/en/articles/3063073-how-to-sign-up-for-docstation","en","183","","","301","Moved Permanently","true","","","Absolute","true","//head/link[2]","Head","HTML & Rendered HTML"
"HTML Hreflang","https://help.docstation.co/en/articles/3063073-how-to-sign-up-for-docstation","http://help.docstation.co/en/articles/3063073-how-to-sign-up-for-docstation","x-default","183","","","301","Moved Permanently","true","","","Absolute","true","//head/link[3]","Head","HTML & Rendered HTML"
"HTML Hreflang","https://help.docstation.co/en/articles/3028259-pharmacy-technicians-and-students","http://help.docstation.co/en/articles/3028259-pharmacy-technicians-and-students","en","183","","","301","Moved Permanently","true","","","Absolute","true","//head/link[2]","Head","HTML & Rendered HTML"
"HTML Hreflang","https://help.docstation.co/en/articles/3028259-pharmacy-technicians-and-students","http://help.docstation.co/en/articles/3028259-pharmacy-technicians-and-students","x-default","183","","","301","Moved Permanently","true","","","Absolute","true","//head/link[3]","Head","HTML & Rendered HTML"
"HTML Hreflang","https://help.docstation.co/en/articles/4684568-healthpartners-mtm-program-how-to-get-started","http://help.docstation.co/en/articles/4684568-healthpartners-mtm-program-how-to-get-started","en","183","","","301","Moved Permanently","true","","","Absolute","true","//head/link[2]","Head","HTML & Rendered HTML"
"HTML Hreflang","https://help.docstation.co/en/articles/4684568-healthpartners-mtm-program-how-to-get-started","http://help.docstation.co/en/articles/4684568-healthpartners-mtm-program-how-to-get-started","x-default","183","","","301","Moved Permanently","true","","","Absolute","true","//head/link[3]","Head","HTML & Rendered HTML"
"HTML Hreflang","https://help.docstation.co/en/articles/3828429-covid-19-assessment-task","http://help.docstation.co/en/articles/3828429-covid-19-assessment-task","en","183","","","301","Moved Permanently","true","","","Absolute","true","//head/link[2]","Head","HTML & Rendered HTML"
"HTML Hreflang","https://help.docstation.co/en/articles/3828429-covid-19-assessment-task","http://help.docstation.co/en/articles/3828429-covid-19-assessment-task","x-default","183","","","301","Moved Permanently","true","","","Absolute","true","//head/link[3]","Head","HTML & Rendered HTML"
"HTML Hreflang","https://help.docstation.co/en/collections/3067603-medical-billing","http://help.docstation.co/en/collections/3067603-medical-billing","en","183","","","301","Moved Permanently","true","","","Absolute","true","//head/link[2]","Head","HTML & Rendered HTML"
"HTML Hreflang","https://help.docstation.co/en/collections/3067603-medical-billing","http://help.docstation.co/en/collections/3067603-medical-billing","x-default","183","","","301","Moved Permanently","true","","","Absolute","true","//head/link[3]","Head","HTML & Rendered HTML"
"HTML Hreflang","https://help.docstation.co/en/articles/4381072-north-dakota-medicaid-mtm-program","http://help.docstation.co/en/articles/4381072-north-dakota-medicaid-mtm-program","en","183","","","301","Moved Permanently","true","","","Absolute","true","//head/link[2]","Head","HTML & Rendered HTML"
"HTML Hreflang","https://help.docstation.co/en/articles/4381072-north-dakota-medicaid-mtm-program","http://help.docstation.co/en/articles/4381072-north-dakota-medicaid-mtm-program","x-default","183","","","301","Moved Permanently","true","","","Absolute","true","//head/link[3]","Head","HTML & Rendered HTML"
"HTTP Redirect","https://help.docstation.co/en/articles/5359885-one-rx-screening-follow-up-task","http://help.docstation.co/en/articles/5359885-one-program-screening-follow-up-task","","183","","","301","Moved Permanently","true","","","Absolute","false","","","HTTP"
"HTML Hreflang","https://help.docstation.co/en/articles/5359885-one-program-screening-follow-up-task","http://help.docstation.co/en/articles/5359885-one-program-screening-follow-up-task","en","183","","","301","Moved Permanently","true","","","Absolute","true","//head/link[2]","Head","HTML & Rendered HTML"
"HTML Hreflang","https://help.docstation.co/en/articles/5359885-one-program-screening-follow-up-task","http://help.docstation.co/en/articles/5359885-one-program-screening-follow-up-task","x-default","183","","","301","Moved Permanently","true","","","Absolute","true","//head/link[3]","Head","HTML & Rendered HTML"
"Hyperlink","https://help.docstation.co/en/articles/4381072-north-dakota-medicaid-mtm-program","http://help.docstation.co/en/articles/4677317-north-dakota-medicaid-mtm-program-how-to-get-started","","183","","credentialed to provide MTM services for ND Medicaid members","301","Moved Permanently","true","","","Absolute","false","//body/div/div/section/div[2]/div[1]/div/article/p[@class='no-margin'][5]/a[@class='intercom-content-link'][1]","Content","HTML & Rendered HTML"
"HTML Hreflang","https://help.docstation.co/en/articles/4677317-north-dakota-medicaid-mtm-program-how-to-get-started","http://help.docstation.co/en/articles/4677317-north-dakota-medicaid-mtm-program-how-to-get-started","en","183","","","301","Moved Permanently","true","","","Absolute","false","//head/link[2]","Head","HTML & Rendered HTML"
"HTML Hreflang","https://help.docstation.co/en/articles/4677317-north-dakota-medicaid-mtm-program-how-to-get-started","http://help.docstation.co/en/articles/4677317-north-dakota-medicaid-mtm-program-how-to-get-started","x-default","183","","","301","Moved Permanently","true","","","Absolute","false","//head/link[3]","Head","HTML & Rendered HTML"
"HTML Hreflang","https://help.docstation.co/en/articles/4677469-forwardhealth-mtm-program-how-to-get-started","http://help.docstation.co/en/articles/4677469-forwardhealth-mtm-program-how-to-get-started","en","183","","","301","Moved Permanently","true","","","Absolute","true","//head/link[2]","Head","HTML & Rendered HTML"
"HTML Hreflang","https://help.docstation.co/en/articles/4677469-forwardhealth-mtm-program-how-to-get-started","http://help.docstation.co/en/articles/4677469-forwardhealth-mtm-program-how-to-get-started","x-default","183","","","301","Moved Permanently","true","","","Absolute","true","//head/link[3]","Head","HTML & Rendered HTML"
"HTTP Redirect","https://help.docstation.co/","http://help.docstation.co/en/","","183","","","301","Moved Permanently","true","","","Absolute","false","","","HTTP"
"HTML Hreflang","https://help.docstation.co/en/","http://help.docstation.co/en/","en","183","","","301","Moved Permanently","true","","","Absolute","true","//head/link[2]","Head","HTML & Rendered HTML"
"HTML Hreflang","https://help.docstation.co/en/","http://help.docstation.co/en/","x-default","183","","","301","Moved Permanently","true","","","Absolute","true","//head/link[3]","Head","HTML & Rendered HTML"
"HTTP Redirect","https://help.docstation.co/en/articles/5168263-north-dakota-one-rx-project-details","http://help.docstation.co/en/articles/5168263-north-dakota-one-program-details","","183","","","301","Moved Permanently","true","","","Absolute","false","","","HTTP"
"HTML Hreflang","https://help.docstation.co/en/articles/5168263-north-dakota-one-program-details","http://help.docstation.co/en/articles/5168263-north-dakota-one-program-details","en","183","","","301","Moved Permanently","true","","","Absolute","true","//head/link[2]","Head","HTML & Rendered HTML"
"HTML Hreflang","https://help.docstation.co/en/articles/5168263-north-dakota-one-program-details","http://help.docstation.co/en/articles/5168263-north-dakota-one-program-details","x-default","183","","","301","Moved Permanently","true","","","Absolute","true","//head/link[3]","Head","HTML & Rendered HTML"
"Hyperlink","https://help.docstation.co/en/articles/4381072-north-dakota-medicaid-mtm-program","http://help.docstation.co/en/articles/5076934-comprehensive-medication-review-task","","183","","CMR Task help article","301","Moved Permanently","true","","","Absolute","false","//body/div/div/section/div[2]/div[1]/div/article/p[@class='no-margin'][13]/a","Content","HTML & Rendered HTML"
"HTML Hreflang","https://help.docstation.co/en/articles/5076934-comprehensive-medication-review-task","http://help.docstation.co/en/articles/5076934-comprehensive-medication-review-task","en","183","","","301","Moved Permanently","true","","","Absolute","false","//head/link[2]","Head","HTML & Rendered HTML"
"HTML Hreflang","https://help.docstation.co/en/articles/5076934-comprehensive-medication-review-task","http://help.docstation.co/en/articles/5076934-comprehensive-medication-review-task","x-default","183","","","301","Moved Permanently","true","","","Absolute","false","//head/link[3]","Head","HTML & Rendered HTML"
"HTML Hreflang","https://help.docstation.co/en/articles/6177671-diabetes-eye-exam-assessment","http://help.docstation.co/en/articles/6177671-diabetes-eye-exam-assessment","en","183","","","301","Moved Permanently","true","","","Absolute","true","//head/link[2]","Head","HTML & Rendered HTML"
"HTML Hreflang","https://help.docstation.co/en/articles/6177671-diabetes-eye-exam-assessment","http://help.docstation.co/en/articles/6177671-diabetes-eye-exam-assessment","x-default","183","","","301","Moved Permanently","true","","","Absolute","true","//head/link[3]","Head","HTML & Rendered HTML"
"HTML Hreflang","https://help.docstation.co/en/collections/2461790-getting-started-with-docstation","http://help.docstation.co/en/collections/2461790-getting-started-with-docstation","en","183","","","301","Moved Permanently","true","","","Absolute","true","//head/link[2]","Head","HTML & Rendered HTML"
"HTML Hreflang","https://help.docstation.co/en/collections/2461790-getting-started-with-docstation","http://help.docstation.co/en/collections/2461790-getting-started-with-docstation","x-default","183","","","301","Moved Permanently","true","","","Absolute","true","//head/link[3]","Head","HTML & Rendered HTML"
"HTML Hreflang","https://help.docstation.co/en/articles/4499211-single-sign-on-sso-for-enterprise-accounts","http://help.docstation.co/en/articles/4499211-single-sign-on-sso-for-enterprise-accounts","en","183","","","301","Moved Permanently","true","","","Absolute","true","//head/link[2]","Head","HTML & Rendered HTML"
"HTML Hreflang","https://help.docstation.co/en/articles/4499211-single-sign-on-sso-for-enterprise-accounts","http://help.docstation.co/en/articles/4499211-single-sign-on-sso-for-enterprise-accounts","x-default","183","","","301","Moved Permanently","true","","","Absolute","true","//head/link[3]","Head","HTML & Rendered HTML"
"HTML Hreflang","https://help.docstation.co/en/collections/2222973-covid-19-resources","http://help.docstation.co/en/collections/2222973-covid-19-resources","en","183","","","301","Moved Permanently","true","","","Absolute","true","//head/link[2]","Head","HTML & Rendered HTML"
"HTML Hreflang","https://help.docstation.co/en/collections/2222973-covid-19-resources","http://help.docstation.co/en/collections/2222973-covid-19-resources","x-default","183","","","301","Moved Permanently","true","","","Absolute","true","//head/link[3]","Head","HTML & Rendered HTML"
"HTML Hreflang","https://help.docstation.co/en/collections/1838427-account-management","http://help.docstation.co/en/collections/1838427-account-management","en","183","","","301","Moved Permanently","true","","","Absolute","true","//head/link[2]","Head","HTML & Rendered HTML"
"HTML Hreflang","https://help.docstation.co/en/collections/1838427-account-management","http://help.docstation.co/en/collections/1838427-account-management","x-default","183","","","301","Moved Permanently","true","","","Absolute","true","//head/link[3]","Head","HTML & Rendered HTML"
"HTML Hreflang","https://help.docstation.co/en/articles/3836244-covid-19-information","http://help.docstation.co/en/articles/3836244-covid-19-information","en","183","","","301","Moved Permanently","true","","","Absolute","true","//head/link[2]","Head","HTML & Rendered HTML"
"HTML Hreflang","https://help.docstation.co/en/articles/3836244-covid-19-information","http://help.docstation.co/en/articles/3836244-covid-19-information","x-default","183","","","301","Moved Permanently","true","","","Absolute","true","//head/link[3]","Head","HTML & Rendered HTML"
"HTML Hreflang","https://help.docstation.co/en/articles/3063052-docstation-supported-browsers","http://help.docstation.co/en/articles/3063052-docstation-supported-browsers","en","183","","","301","Moved Permanently","true","","","Absolute","true","//head/link[2]","Head","HTML & Rendered HTML"
"HTML Hreflang","https://help.docstation.co/en/articles/3063052-docstation-supported-browsers","http://help.docstation.co/en/articles/3063052-docstation-supported-browsers","x-default","183","","","301","Moved Permanently","true","","","Absolute","true","//head/link[3]","Head","HTML & Rendered HTML"
"Hyperlink","https://help.docstation.co/en/articles/3636468-pharmacist-ecare-plans","http://help.docstation.co/en/articles/4169699-enabling-integrations","","183","","this article","301","Moved Permanently","true","","","Absolute","false","//body/div/div/section/div[2]/div[1]/div/article/p[@class='no-margin'][18]/a","Content","HTML & Rendered HTML"
"HTML Hreflang","https://help.docstation.co/en/articles/4169699-enabling-integrations","http://help.docstation.co/en/articles/4169699-enabling-integrations","en","183","","","301","Moved Permanently","true","","","Absolute","false","//head/link[2]","Head","HTML & Rendered HTML"
"HTML Hreflang","https://help.docstation.co/en/articles/4169699-enabling-integrations","http://help.docstation.co/en/articles/4169699-enabling-integrations","x-default","183","","","301","Moved Permanently","true","","","Absolute","false","//head/link[3]","Head","HTML & Rendered HTML"
"HTML Hreflang","https://help.docstation.co/en/articles/5374573-how-to-bill-a-claim","http://help.docstation.co/en/articles/5374573-how-to-bill-a-claim","en","183","","","301","Moved Permanently","true","","","Absolute","true","//head/link[2]","Head","HTML & Rendered HTML"
"HTML Hreflang","https://help.docstation.co/en/articles/5374573-how-to-bill-a-claim","http://help.docstation.co/en/articles/5374573-how-to-bill-a-claim","x-default","183","","","301","Moved Permanently","true","","","Absolute","true","//head/link[3]","Head","HTML & Rendered HTML"
"Hyperlink","https://help.docstation.co/en/articles/5374573-how-to-bill-a-claim","http://help.docstation.co/en/articles/5076940-getting-started-with-claims-and-billing","","183","","enabling your claims billing subscription","301","Moved Permanently","true","","","Absolute","false","//body/div/div/section/div[2]/div[1]/div/article/p[@class='no-margin'][1]/a[@class='intercom-content-link'][1]","Content","HTML & Rendered HTML"
"Hyperlink","https://help.docstation.co/en/articles/4684568-healthpartners-mtm-program-how-to-get-started","http://help.docstation.co/en/articles/5076940-getting-started-with-claims-and-billing","","183","","Turn on Claims Billing","301","Moved Permanently","true","","","Absolute","false","//body/div/div/section/div[2]/div[1]/div/article/div[4]/a","Content","HTML & Rendered HTML"
"Hyperlink","https://help.docstation.co/en/articles/4381072-north-dakota-medicaid-mtm-program","http://help.docstation.co/en/articles/5076940-getting-started-with-claims-and-billing","","183","","Claims & Billing subscription","301","Moved Permanently","true","","","Absolute","false","//body/div/div/section/div[2]/div[1]/div/article/p[@class='no-margin'][17]/a","Content","HTML & Rendered HTML"
"Hyperlink","https://help.docstation.co/en/articles/4677469-forwardhealth-mtm-program-how-to-get-started","http://help.docstation.co/en/articles/5076940-getting-started-with-claims-and-billing","","183","","Turn on Claims Billing","301","Moved Permanently","true","","","Absolute","false","//body/div/div/section/div[2]/div[1]/div/article/div[3]/a","Content","HTML & Rendered HTML"
"HTTP Redirect","https://help.docstation.co/en/articles/5076940-getting-started-with-claims","http://help.docstation.co/en/articles/5076940-getting-started-with-claims-and-billing","","183","","","301","Moved Permanently","true","","","Absolute","false","","","HTTP"
"HTML Hreflang","https://help.docstation.co/en/articles/5076940-getting-started-with-claims-and-billing","http://help.docstation.co/en/articles/5076940-getting-started-with-claims-and-billing","en","183","","","301","Moved Permanently","true","","","Absolute","false","//head/link[2]","Head","HTML & Rendered HTML"
"HTML Hreflang","https://help.docstation.co/en/articles/5076940-getting-started-with-claims-and-billing","http://help.docstation.co/en/articles/5076940-getting-started-with-claims-and-billing","x-default","183","","","301","Moved Permanently","true","","","Absolute","false","//head/link[3]","Head","HTML & Rendered HTML"
"Hyperlink","https://help.docstation.co/en/articles/4499211-single-sign-on-sso-for-enterprise-accounts","http://help.docstation.co/en/articles/3063067-add-a-new-team-member-user","","183","","Refer to this article","301","Moved Permanently","true","","","Absolute","false","//body/div/div/section/div[2]/div[1]/div/article/p[@class='no-margin'][6]/a","Content","HTML & Rendered HTML"
"HTML Hreflang","https://help.docstation.co/en/articles/3063067-add-a-new-team-member-user","http://help.docstation.co/en/articles/3063067-add-a-new-team-member-user","en","183","","","301","Moved Permanently","true","","","Absolute","false","//head/link[2]","Head","HTML & Rendered HTML"
"HTML Hreflang","https://help.docstation.co/en/articles/3063067-add-a-new-team-member-user","http://help.docstation.co/en/articles/3063067-add-a-new-team-member-user","x-default","183","","","301","Moved Permanently","true","","","Absolute","false","//head/link[3]","Head","HTML & Rendered HTML"
"HTML Hreflang","https://help.docstation.co/en/articles/3063063-how-to-change-or-reset-your-password","http://help.docstation.co/en/articles/3063063-how-to-change-or-reset-your-password","en","183","","","301","Moved Permanently","true","","","Absolute","true","//head/link[2]","Head","HTML & Rendered HTML"
"HTML Hreflang","https://help.docstation.co/en/articles/3063063-how-to-change-or-reset-your-password","http://help.docstation.co/en/articles/3063063-how-to-change-or-reset-your-password","x-default","183","","","301","Moved Permanently","true","","","Absolute","true","//head/link[3]","Head","HTML & Rendered HTML"
"HTML Hreflang","https://help.docstation.co/en/articles/3094122-login-access-expired","http://help.docstation.co/en/articles/3094122-login-access-expired","en","183","","","301","Moved Permanently","true","","","Absolute","true","//head/link[2]","Head","HTML & Rendered HTML"
"HTML Hreflang","https://help.docstation.co/en/articles/3094122-login-access-expired","http://help.docstation.co/en/articles/3094122-login-access-expired","x-default","183","","","301","Moved Permanently","true","","","Absolute","true","//head/link[3]","Head","HTML & Rendered HTML"
"HTML Hreflang","https://help.docstation.co/en/articles/3636468-pharmacist-ecare-plans","http://help.docstation.co/en/articles/3636468-pharmacist-ecare-plans","en","183","","","301","Moved Permanently","true","","","Absolute","true","//head/link[2]","Head","HTML & Rendered HTML"
"HTML Hreflang","https://help.docstation.co/en/articles/3636468-pharmacist-ecare-plans","http://help.docstation.co/en/articles/3636468-pharmacist-ecare-plans","x-default","183","","","301","Moved Permanently","true","","","Absolute","true","//head/link[3]","Head","HTML & Rendered HTML"
"HTML Hreflang","https://help.docstation.co/en/articles/3829025-covid-19-education-resources","http://help.docstation.co/en/articles/3829025-covid-19-education-resources","en","183","","","301","Moved Permanently","true","","","Absolute","true","//head/link[2]","Head","HTML & Rendered HTML"
"HTML Hreflang","https://help.docstation.co/en/articles/3829025-covid-19-education-resources","http://help.docstation.co/en/articles/3829025-covid-19-education-resources","x-default","183","","","301","Moved Permanently","true","","","Absolute","true","//head/link[3]","Head","HTML & Rendered HTML"
"HTML Hreflang","https://help.docstation.co/en/collections/1609111-docstation-tasks","http://help.docstation.co/en/collections/1609111-docstation-tasks","en","183","","","301","Moved Permanently","true","","","Absolute","true","//head/link[2]","Head","HTML & Rendered HTML"
"HTML Hreflang","https://help.docstation.co/en/collections/1609111-docstation-tasks","http://help.docstation.co/en/collections/1609111-docstation-tasks","x-default","183","","","301","Moved Permanently","true","","","Absolute","true","//head/link[3]","Head","HTML & Rendered HTML"
"HTML Hreflang","https://help.docstation.co/en/articles/3028288-training-for-new-users","http://help.docstation.co/en/articles/3028288-training-for-new-users","en","183","","","301","Moved Permanently","true","","","Absolute","true","//head/link[2]","Head","HTML & Rendered HTML"
"HTML Hreflang","https://help.docstation.co/en/articles/3028288-training-for-new-users","http://help.docstation.co/en/articles/3028288-training-for-new-users","x-default","183","","","301","Moved Permanently","true","","","Absolute","true","//head/link[3]","Head","HTML & Rendered HTML"
