﻿"Address","Title 1","Occurrences","HTML hreflang 1","HTML hreflang 1 URL","HTTP hreflang 1","HTTP hreflang 1 URL","Sitemap hreflang 1","Sitemap hreflang 1 URL","Indexability","Indexability Status"
"https://blackbird.docstation.co/?p=%2Flegal%2Fterms-of-service&h=https%3A%2F%2Fdocstation.co&r=&sid=HOTVIUAS&qs={}&cid=24497161","","0","","","","","","","Indexable",""
"https://docstation.co/blog/meet-josh","Meet Josh! | Care with DocStation","0","","","","","","","Indexable",""
"https://status.docstation.co/history/250cfaab56e5","DocStation - System status","0","","","","","","","Indexable",""
"https://blackbird.docstation.co/?p=%2Fsecurity&h=https%3A%2F%2Fdocstation.co&r=&sid=HOTVIUAS&qs={}&cid=87024426","","0","","","","","","","Indexable",""
"https://status.docstation.co/history/f52e74126367","DocStation - System status","0","","","","","","","Indexable",""
"https://landing.docstation.co/notify-v2","DocStation | Sign Up","0","","","","","","","Indexable",""
"https://docstation.co/blog/meet-french","Meet French! | Care with DocStation","0","","","","","","","Indexable",""
"https://accounts.docstation.co/authorize?client_id=8rbCx1XV9cfU4XAQr5McVhVgJEiZh3KO&response_type=token%20id_token&response_mode=web_message&redirect_uri=https%3A%2F%2Fapp.docstation.co%2Fapi%2Faccount%2Fcallback&scope=openid%20profile%20email&state=KEEda4XW-gxpY9LdBaTneyW21u80Ntzl3UGE&nonce=fZNMClzhHk2oQFNfCr.v7MHhBiAG-j2b&prompt=none&auth0Client=eyJuYW1lIjoibG9jay5qcyIsInZlcnNpb24iOiIxMS4zMC4xIiwiZW52Ijp7ImF1dGgwLmpzIjoiOS4xNi4yIiwiYXV0aDAuanMtdWxwIjoiOS4xNi4yIn19","Authorization Response","0","","","","","","","Indexable",""
"https://docstation.co/blog/docstation-achieves-level-2-capability-for-pharmacist-ecare-plan","DocStation achieves Level 2 capability for Pharmacist eCare Plan | Care with DocStation","0","","","","","","","Indexable",""
"https://docstation.co/legal/privacy-policy","Privacy Policy | Care with DocStation","0","","","","","","","Indexable",""
"https://docstation.co/blog/meet-christine","Meet Christine! | Care with DocStation","0","","","","","","","Indexable",""
"https://docstation.co/blog/docstation-partners-with-one-rx-to-combat-opioid-misuse-in-north-dakota","DocStation Partners with ONE Rx To Combat Opioid Misuse in North Dakota | Care with DocStation","0","","","","","","","Indexable",""
"https://docstation.co/blog/pharmacists-on-the-front-line","Front-Line Pharmacists | Care with DocStation","0","","","","","","","Indexable",""
"https://docstation.co/features/clinical-intelligence","Clinical Intelligence | Care with DocStation","0","","","","","","","Indexable",""
"https://docstation.co/blog/meet-john","Meet John! | Care with DocStation","0","","","","","","","Indexable",""
"https://docstation.co/blog/meet-amanda","Meet Amanda! | Care with DocStation","0","","","","","","","Indexable",""
"https://docstation.co/company","Our Company | Care with DocStation","0","","","","","","","Indexable",""
"https://docstation.co/blog/the-pharmacist-ecare-plan","The Pharmacist eCare Plan | Care with DocStation","0","","","","","","","Indexable",""
"https://docstation.co/blog/the-applications-of-blockchain-technology-in-healthcare","The Applications of Blockchain Technology in Healthcare | Care with DocStation","0","","","","","","","Indexable",""
"https://docstation.co/legal/business-associate-agreement","Business Associate Agreement | Care with DocStation","0","","","","","","","Indexable",""
"https://docstation.co/blog/why-pharmacist-provider-status-is-inevitable","Provider Status is Inevitable | Care with DocStation","0","","","","","","","Indexable",""
"https://docstation.co/blog/docstation-released-to-pharmacy-innovators","DocStation released to Pharmacy Innovators | Care with DocStation","0","","","","","","","Indexable",""
"https://status.docstation.co/history/c647b42eb351","DocStation - System status","0","","","","","","","Indexable",""
"https://status.docstation.co/","DocStation - System status","0","","","","","","","Indexable",""
"https://status.docstation.co/history/26c6874c2f40","DocStation - System status","0","","","","","","","Indexable",""
"https://status.docstation.co/history","DocStation - System status","0","","","","","","","Indexable",""
"https://blackbird.docstation.co/?p=%2F&h=https%3A%2F%2Fdocstation.co&r=&sid=HOTVIUAS&qs={}&cid=32098627","","0","","","","","","","Indexable",""
"https://blackbird.docstation.co/?p=%2Fsolutions%2Fhealth-plans&h=https%3A%2F%2Fdocstation.co&r=&sid=HOTVIUAS&qs={}&cid=51113981","","0","","","","","","","Indexable",""
"https://docstation.co/blog/what-the-new-cms-proposed-rule-means-for-mtm-programs-in-2021","What the New CMS Proposed Rule Means for MTM Programs in 2021 | Care with DocStation","0","","","","","","","Indexable",""
"https://docstation.co/security","Security | Care with DocStation","0","","","","","","","Indexable",""
"https://docstation.co/blog/pharmacist-providers-an-untapped-healthcare-resource","Pharmacist Providers: An Untapped Resource | Care with DocStation","0","","","","","","","Indexable",""
"https://app.docstation.co/login","Sign in to DocStation - DocStation","0","","","","","","","Indexable",""
"https://docstation.co/blog/staying-sane-while-working-remotely-tips-from-a-healthcare-company","Staying sane while working remotely, tips from a Healthcare company | Care with DocStation","0","","","","","","","Indexable",""
"https://docstation.co/blog/3","The Pharmacy Standard | Care with DocStation","0","","","","","","","Indexable",""
"https://docstation.co/blog/2","The Pharmacy Standard | Care with DocStation","0","","","","","","","Indexable",""
"https://docstation.co/blog/lessons-from-the-road","Lessons from the Road | Care with DocStation","0","","","","","","","Indexable",""
"https://docstation.co/legal/responsible-disclosure","Responsible Disclosure | Care with DocStation","0","","","","","","","Indexable",""
"https://blackbird.docstation.co/?p=%2Fsolutions%2Fhealth-plans&h=https%3A%2F%2Fdocstation.co&r=&sid=HOTVIUAS&qs={}&cid=45994053","","0","","","","","","","Indexable",""
"https://docstation.co/features/billing-revenue","Billing & Revenue | Care with DocStation","0","","","","","","","Indexable",""
"https://docstation.co/blog/leveraging-technology-for-value-based-pharmacy-models","Leveraging Technology for Value-Based Pharmacy Models | Care with DocStation","0","","","","","","","Indexable",""
"https://docstation.co/","Home | Care with DocStation","0","","","","","","","Indexable",""
"https://status.docstation.co/history/92ccb529d9ff","DocStation - System status","0","","","","","","","Indexable",""
"https://docstation.co/blog/the-freecare-plan-for-pharmacists","The freeCare Plan for Pharmacists | Care with DocStation","0","","","","","","","Indexable",""
"https://docstation.co/blog/wait-can-pharmacists-bill-for-the-coronavirus-test","Wait — Can Pharmacists Bill for the Coronavirus Test? | Care with DocStation","0","","","","","","","Indexable",""
"https://docstation.co/legal/terms-of-service","Terms of Service | Care with DocStation","0","","","","","","","Indexable",""
"https://docstation.co/blog","The Pharmacy Standard | Care with DocStation","0","","","","","","","Indexable",""
"https://status.docstation.co/history/339a6d9fa538","DocStation - System status","0","","","","","","","Indexable",""
"https://docstation.co/blog/meet-chris","Meet Chris! | Care with DocStation","0","","","","","","","Indexable",""
"https://docstation.co/solutions","Solutions | Care with DocStation","0","","","","","","","Indexable",""
"https://blackbird.docstation.co/?p=%2Fcompany&h=https%3A%2F%2Fdocstation.co&r=&sid=HOTVIUAS&qs={}&cid=8491885","","0","","","","","","","Indexable",""
"https://docstation.co/legal/add-on-terms","Add-On Service Terms and Conditions | Care with DocStation","0","","","","","","","Indexable",""
"https://docstation.co/blog/docstation-raises-3-1m-to-make-pharmacists-front-line-providers","DocStation Raises $3.1M To Make Pharmacists Front-Line Providers | Care with DocStation","0","","","","","","","Indexable",""
"https://docstation.co/blog/meet-rishi","Meet Rishi! | Care with DocStation","0","","","","","","","Indexable",""
"https://docstation.co/solutions/employers","Employers | Care with DocStation","0","","","","","","","Indexable",""
"https://docstation.co/solutions/medicare","Medicare | Care with DocStation","0","","","","","","","Indexable",""
"https://docstation.co/features/connectivity-integration","Technology Integrations | Care with DocStation","0","","","","","","","Indexable",""
"https://blackbird.docstation.co/?p=%2F&h=https%3A%2F%2Fdocstation.co&r=&sid=HOTVIUAS&qs={}&cid=2348002","","0","","","","","","","Indexable",""
"https://docstation.co/blog/the-future-of-pharmacy-is-value-based-part-two","The Future of Pharmacy is Value-Based, Part Two | Care with DocStation","0","","","","","","","Indexable",""
"https://docstation.co/features/patient-case-management","Patient & Case Management | Care with DocStation","0","","","","","","","Indexable",""
"https://docstation.co/blog/meet-samm","Meet Samm! | Care with DocStation","0","","","","","","","Indexable",""
"https://docstation.co/solutions/medicaid","Medicaid | Care with DocStation","0","","","","","","","Indexable",""
"https://docstation.co/features/value-based-pharmacy","Value-based pharmacy | Care with DocStation","0","","","","","","","Indexable",""
"https://docstation.co/blog/meet-aubree","Meet Aubree! | Care with DocStation","0","","","","","","","Indexable",""
"https://docstation.co/solutions/health-plans","Health Plans | Care with DocStation","0","","","","","","","Indexable",""
"https://docstation.co/blog/docstations-tour-de-pharmacies-2018","DocStation’s Tour de Pharmacies 2018 | Care with DocStation","0","","","","","","","Indexable",""
"https://docstation.co/blog/meet-simon","Meet Simon! | Care with DocStation","0","","","","","","","Indexable",""
"https://docstation.co/solutions/pharmacies","Pharmacies | Care with DocStation","0","","","","","","","Indexable",""
"https://docstation.co/blog/meet-jeff","Meet Jeff! | Care with DocStation","0","","","","","","","Indexable",""
"https://blackbird.docstation.co/?p=%2Ffeatures%2Fbilling-revenue&h=https%3A%2F%2Fdocstation.co&r=&sid=HOTVIUAS&qs={}&cid=69901883","","0","","","","","","","Indexable",""
"https://docstation.co/blog/the-case-for-specialty-pharmacy-data-standards","The Power of Specialty Pharmacy Data | Care with DocStation","0","","","","","","","Indexable",""
"https://landing.docstation.co/notify","DocStation | Sign Up","0","","","","","","","Indexable",""
"https://docstation.co/features","Features | Care with DocStation","0","","","","","","","Indexable",""
