﻿"Address","Status Code","Status","HTML Word Count","Rendered HTML Word Count","Word Count Change","JS Word Count %","HTML Title","Rendered HTML Title","HTML H1","Rendered HTML H1","HTML Meta Description","Rendered HTML Meta Description","HTML Canonical","Rendered HTML Canonical","Unique Inlinks","Unique JS Inlinks","Unique Outlinks","Unique JS Outlinks","Unique External Outlinks","Unique External JS Outlinks","HTML Meta Robots 1","Rendered HTML Meta Robots 1","Pretty URL","Ugly URL"
"https://blackbird.docstation.co/?p=%2Flegal%2Fterms-of-service&h=https%3A%2F%2Fdocstation.co&r=&sid=HOTVIUAS&qs={}&cid=24497161","200","","0","0","0","0.000","","","","","","","","","1","0","0","0","0","0","","","https://blackbird.docstation.co/?p=%2Flegal%2Fterms-of-service&h=https%3A%2F%2Fdocstation.co&r=&sid=HOTVIUAS&qs={}&cid=24497161","https://blackbird.docstation.co/?p=%2Flegal%2Fterms-of-service&h=https%3A%2F%2Fdocstation.co&r=&sid=HOTVIUAS&qs=%7B%7D&cid=24497161"
"https://docstation.co/blog/meet-josh","200","","594","594","0","0.000","Meet Josh! | Care with DocStation","Meet Josh! | Care with DocStation","Meet Josh!","Meet Josh!","An intervention for today's pharmacy: DocStation provides a platform for value-based care.","An intervention for today's pharmacy: DocStation provides a platform for value-based care.","https://docstation.co/blog/meet-josh","https://docstation.co/blog/meet-josh","1","0","22","0","4","0","","","https://docstation.co/blog/meet-josh","https://docstation.co/blog/meet-josh"
"https://status.docstation.co/history/250cfaab56e5","200","OK","0","145","145","100.000","System Status","DocStation - System status","","","","","","","1","0","2","2","1","1","","","https://status.docstation.co/history/250cfaab56e5","https://status.docstation.co/history/250cfaab56e5"
"https://blackbird.docstation.co/?p=%2Fsecurity&h=https%3A%2F%2Fdocstation.co&r=&sid=HOTVIUAS&qs={}&cid=87024426","200","","0","0","0","0.000","","","","","","","","","1","0","0","0","0","0","","","https://blackbird.docstation.co/?p=%2Fsecurity&h=https%3A%2F%2Fdocstation.co&r=&sid=HOTVIUAS&qs={}&cid=87024426","https://blackbird.docstation.co/?p=%2Fsecurity&h=https%3A%2F%2Fdocstation.co&r=&sid=HOTVIUAS&qs=%7B%7D&cid=87024426"
"https://status.docstation.co/history/f52e74126367","200","OK","0","108","108","100.000","System Status","DocStation - System status","","","","","","","1","0","2","2","1","1","","","https://status.docstation.co/history/f52e74126367","https://status.docstation.co/history/f52e74126367"
"https://landing.docstation.co/notify-v2","200","","11","99","88","88.889","DocStation | Sign Up","DocStation | Sign Up","","","Sign up to get started on DocStation.","Sign up to get started on DocStation.","https://landing.docstation.co/notify-v2","https://landing.docstation.co/notify-v2","52","0","4","3","0","0","","","https://landing.docstation.co/notify-v2","https://landing.docstation.co/notify-v2"
"https://help.docstation.co/en/articles/5374568-configuring-docstation-settings-for-claims-billing","200","","153","153","0","0.000","Configuring DocStation Settings for Claims Billing | DocStation Help Center","Configuring DocStation Settings for Claims Billing | DocStation Help Center","Configuring DocStation Settings for Claims Billing","Configuring DocStation Settings for Claims Billing","","","http://help.docstation.co/en/articles/5374568-configuring-docstation-settings-for-claims-billing","http://help.docstation.co/en/articles/5374568-configuring-docstation-settings-for-claims-billing","1","0","3","0","2","0","","","https://help.docstation.co/en/articles/5374568-configuring-docstation-settings-for-claims-billing","https://help.docstation.co/en/articles/5374568-configuring-docstation-settings-for-claims-billing"
"https://docstation.co/blog/meet-french","200","","586","586","0","0.000","Meet French! | Care with DocStation","Meet French! | Care with DocStation","Meet French!","Meet French!","An intervention for today's pharmacy: DocStation provides a platform for value-based care.","An intervention for today's pharmacy: DocStation provides a platform for value-based care.","https://docstation.co/blog/meet-french","https://docstation.co/blog/meet-french","1","0","22","0","3","0","","","https://docstation.co/blog/meet-french","https://docstation.co/blog/meet-french"
"https://accounts.docstation.co/authorize?client_id=8rbCx1XV9cfU4XAQr5McVhVgJEiZh3KO&response_type=token%20id_token&response_mode=web_message&redirect_uri=https%3A%2F%2Fapp.docstation.co%2Fapi%2Faccount%2Fcallback&scope=openid%20profile%20email&state=KEEda4XW-gxpY9LdBaTneyW21u80Ntzl3UGE&nonce=fZNMClzhHk2oQFNfCr.v7MHhBiAG-j2b&prompt=none&auth0Client=eyJuYW1lIjoibG9jay5qcyIsInZlcnNpb24iOiIxMS4zMC4xIiwiZW52Ijp7ImF1dGgwLmpzIjoiOS4xNi4yIiwiYXV0aDAuanMtdWxwIjoiOS4xNi4yIn19","200","","0","0","0","0.000","Authorization Response","Authorization Response","","","","","","","1","0","0","0","0","0","","","https://accounts.docstation.co/authorize?client_id=8rbCx1XV9cfU4XAQr5McVhVgJEiZh3KO&response_type=token%20id_token&response_mode=web_message&redirect_uri=https%3A%2F%2Fapp.docstation.co%2Fapi%2Faccount%2Fcallback&scope=openid%20profile%20email&state=KEEda4XW-gxpY9LdBaTneyW21u80Ntzl3UGE&nonce=fZNMClzhHk2oQFNfCr.v7MHhBiAG-j2b&prompt=none&auth0Client=eyJuYW1lIjoibG9jay5qcyIsInZlcnNpb24iOiIxMS4zMC4xIiwiZW52Ijp7ImF1dGgwLmpzIjoiOS4xNi4yIiwiYXV0aDAuanMtdWxwIjoiOS4xNi4yIn19","https://accounts.docstation.co/authorize?client_id=8rbCx1XV9cfU4XAQr5McVhVgJEiZh3KO&response_type=token%20id_token&response_mode=web_message&redirect_uri=https%3A%2F%2Fapp.docstation.co%2Fapi%2Faccount%2Fcallback&scope=openid%20profile%20email&state=KEEda4XW-gxpY9LdBaTneyW21u80Ntzl3UGE&nonce=fZNMClzhHk2oQFNfCr.v7MHhBiAG-j2b&prompt=none&auth0Client=eyJuYW1lIjoibG9jay5qcyIsInZlcnNpb24iOiIxMS4zMC4xIiwiZW52Ijp7ImF1dGgwLmpzIjoiOS4xNi4yIiwiYXV0aDAuanMtdWxwIjoiOS4xNi4yIn19"
"https://docstation.co/blog/docstation-achieves-level-2-capability-for-pharmacist-ecare-plan","200","","364","364","0","0.000","DocStation achieves Level 2 capability for Pharmacist eCare Plan | Care with DocStation","DocStation achieves Level 2 capability for Pharmacist eCare Plan | Care with DocStation","DocStation achieves Level 2 capability for Pharmacist eCare Plan","DocStation achieves Level 2 capability for Pharmacist eCare Plan","An intervention for today's pharmacy: DocStation provides a platform for value-based care.","An intervention for today's pharmacy: DocStation provides a platform for value-based care.","https://docstation.co/blog/docstation-achieves-level-2-capability-for-pharmacist-ecare-plan","https://docstation.co/blog/docstation-achieves-level-2-capability-for-pharmacist-ecare-plan","1","0","23","0","1","0","","","https://docstation.co/blog/docstation-achieves-level-2-capability-for-pharmacist-ecare-plan","https://docstation.co/blog/docstation-achieves-level-2-capability-for-pharmacist-ecare-plan"
"https://help.docstation.co/en/articles/3828429-covid-19-assessment-task","200","","229","229","0","0.000","COVID-19 Assessment Task | DocStation Help Center","COVID-19 Assessment Task | DocStation Help Center","COVID-19 Assessment Task","COVID-19 Assessment Task","The task workflow you're familiar with in support of COVID-19 education","The task workflow you're familiar with in support of COVID-19 education","http://help.docstation.co/en/articles/3828429-covid-19-assessment-task","http://help.docstation.co/en/articles/3828429-covid-19-assessment-task","1","0","3","0","2","0","","","https://help.docstation.co/en/articles/3828429-covid-19-assessment-task","https://help.docstation.co/en/articles/3828429-covid-19-assessment-task"
"https://help.docstation.co/en/articles/5374573-how-to-bill-a-claim","200","","248","248","0","0.000","How to bill a Claim | DocStation Help Center","How to bill a Claim | DocStation Help Center","How to bill a Claim","How to bill a Claim","How to create, submit, and track claims with your DocStation Claims & Billing subscription.","How to create, submit, and track claims with your DocStation Claims & Billing subscription.","http://help.docstation.co/en/articles/5374573-how-to-bill-a-claim","http://help.docstation.co/en/articles/5374573-how-to-bill-a-claim","1","0","6","0","2","0","","","https://help.docstation.co/en/articles/5374573-how-to-bill-a-claim","https://help.docstation.co/en/articles/5374573-how-to-bill-a-claim"
"https://help.docstation.co/en/articles/3063052-docstation-supported-browsers","200","","113","113","0","0.000","DocStation Supported Browsers | DocStation Help Center","DocStation Supported Browsers | DocStation Help Center","DocStation Supported Browsers","DocStation Supported Browsers","Which browsers does DocStation support?","Which browsers does DocStation support?","http://help.docstation.co/en/articles/3063052-docstation-supported-browsers","http://help.docstation.co/en/articles/3063052-docstation-supported-browsers","1","0","3","0","2","0","","","https://help.docstation.co/en/articles/3063052-docstation-supported-browsers","https://help.docstation.co/en/articles/3063052-docstation-supported-browsers"
"https://help.docstation.co/en/articles/4490239-one-program-training","200","","276","276","0","0.000","ONE Program Training | DocStation Help Center","ONE Program Training | DocStation Help Center","ONE Program Training","ONE Program Training","Learn more about the ONE Program, training, and DocStation support.","Learn more about the ONE Program, training, and DocStation support.","http://help.docstation.co/en/articles/4490239-one-program-training","http://help.docstation.co/en/articles/4490239-one-program-training","1","0","3","0","3","0","","","https://help.docstation.co/en/articles/4490239-one-program-training","https://help.docstation.co/en/articles/4490239-one-program-training"
"https://docstation.co/legal/privacy-policy","200","","3566","3566","0","0.000","Privacy Policy | Care with DocStation","Privacy Policy | Care with DocStation","Privacy Policy","Privacy Policy","An intervention for today's pharmacy: DocStation provides a platform for value-based care.","An intervention for today's pharmacy: DocStation provides a platform for value-based care.","https://docstation.co/legal/privacy-policy","https://docstation.co/legal/privacy-policy","53","0","30","2","1","0","","","https://docstation.co/legal/privacy-policy","https://docstation.co/legal/privacy-policy"
"https://docstation.co/blog/meet-christine","200","","556","556","0","0.000","Meet Christine! | Care with DocStation","Meet Christine! | Care with DocStation","Meet Christine!","Meet Christine!","An intervention for today's pharmacy: DocStation provides a platform for value-based care.","An intervention for today's pharmacy: DocStation provides a platform for value-based care.","https://docstation.co/blog/meet-christine","https://docstation.co/blog/meet-christine","1","0","22","0","4","1","","","https://docstation.co/blog/meet-christine","https://docstation.co/blog/meet-christine"
"https://docstation.co/blog/docstation-partners-with-one-rx-to-combat-opioid-misuse-in-north-dakota","200","","401","401","0","0.000","DocStation Partners with ONE Rx To Combat Opioid Misuse in North Dakota | Care with DocStation","DocStation Partners with ONE Rx To Combat Opioid Misuse in North Dakota | Care with DocStation","DocStation Partners with ONE Rx To Combat Opioid Misuse in North Dakota","DocStation Partners with ONE Rx To Combat Opioid Misuse in North Dakota","An intervention for today's pharmacy: DocStation provides a platform for value-based care.","An intervention for today's pharmacy: DocStation provides a platform for value-based care.","https://docstation.co/blog/docstation-partners-with-one-rx-to-combat-opioid-misuse-in-north-dakota","https://docstation.co/blog/docstation-partners-with-one-rx-to-combat-opioid-misuse-in-north-dakota","1","0","24","0","4","0","","","https://docstation.co/blog/docstation-partners-with-one-rx-to-combat-opioid-misuse-in-north-dakota","https://docstation.co/blog/docstation-partners-with-one-rx-to-combat-opioid-misuse-in-north-dakota"
"https://docstation.co/blog/pharmacists-on-the-front-line","200","","1089","1089","0","0.000","Front-Line Pharmacists | Care with DocStation","Front-Line Pharmacists | Care with DocStation","Front-Line Pharmacists","Front-Line Pharmacists","An intervention for today's pharmacy: DocStation provides a platform for value-based care.","An intervention for today's pharmacy: DocStation provides a platform for value-based care.","https://docstation.co/blog/pharmacists-on-the-front-line","https://docstation.co/blog/pharmacists-on-the-front-line","1","0","24","0","14","1","","","https://docstation.co/blog/pharmacists-on-the-front-line","https://docstation.co/blog/pharmacists-on-the-front-line"
"https://help.docstation.co/en/articles/4684568-healthpartners-mtm-program-how-to-get-started","200","","872","872","0","0.000","HealthPartners MTM Program: How to Get Started | DocStation Help Center","HealthPartners MTM Program: How to Get Started | DocStation Help Center","HealthPartners MTM Program: How to Get Started","HealthPartners MTM Program: How to Get Started","Enrollment requirements in order to provide medication therapy management services to HealthPartners members","Enrollment requirements in order to provide medication therapy management services to HealthPartners members","http://help.docstation.co/en/articles/4684568-healthpartners-mtm-program-how-to-get-started","http://help.docstation.co/en/articles/4684568-healthpartners-mtm-program-how-to-get-started","1","0","4","0","7","0","","","https://help.docstation.co/en/articles/4684568-healthpartners-mtm-program-how-to-get-started","https://help.docstation.co/en/articles/4684568-healthpartners-mtm-program-how-to-get-started"
"https://docstation.co/features/clinical-intelligence","200","","250","250","0","0.000","Clinical Intelligence | Care with DocStation","Clinical Intelligence | Care with DocStation","Unique insights previously unavailable","Unique insights previously unavailable","An intervention for today's pharmacy: DocStation provides a platform for value-based care.","An intervention for today's pharmacy: DocStation provides a platform for value-based care.","https://docstation.co/features/clinical-intelligence","https://docstation.co/features/clinical-intelligence","52","0","24","2","1","0","","","https://docstation.co/features/clinical-intelligence","https://docstation.co/features/clinical-intelligence"
"https://help.docstation.co/en/articles/3829025-covid-19-education-resources","200","","107","107","0","0.000","COVID-19 Education Resources | DocStation Help Center","COVID-19 Education Resources | DocStation Help Center","COVID-19 Education Resources","COVID-19 Education Resources","Educational materials to provide your patients","Educational materials to provide your patients","http://help.docstation.co/en/articles/3829025-covid-19-education-resources","http://help.docstation.co/en/articles/3829025-covid-19-education-resources","1","0","3","0","8","0","","","https://help.docstation.co/en/articles/3829025-covid-19-education-resources","https://help.docstation.co/en/articles/3829025-covid-19-education-resources"
"https://docstation.co/blog/meet-john","200","","567","567","0","0.000","Meet John! | Care with DocStation","Meet John! | Care with DocStation","Meet John!","Meet John!","An intervention for today's pharmacy: DocStation provides a platform for value-based care.","An intervention for today's pharmacy: DocStation provides a platform for value-based care.","https://docstation.co/blog/meet-john","https://docstation.co/blog/meet-john","1","0","22","0","3","0","","","https://docstation.co/blog/meet-john","https://docstation.co/blog/meet-john"
"https://docstation.co/blog/meet-amanda","200","","567","567","0","0.000","Meet Amanda! | Care with DocStation","Meet Amanda! | Care with DocStation","Meet Amanda!","Meet Amanda!","An intervention for today's pharmacy: DocStation provides a platform for value-based care.","An intervention for today's pharmacy: DocStation provides a platform for value-based care.","https://docstation.co/blog/meet-amanda","https://docstation.co/blog/meet-amanda","1","0","22","0","5","1","","","https://docstation.co/blog/meet-amanda","https://docstation.co/blog/meet-amanda"
"https://docstation.co/company","200","","431","431","0","0.000","Our Company | Care with DocStation","Our Company | Care with DocStation","The future is patients, not pills.","The future is patients, not pills.","An intervention for today's pharmacy: DocStation provides a platform for value-based care.","An intervention for today's pharmacy: DocStation provides a platform for value-based care.","https://docstation.co/company","https://docstation.co/company","52","0","24","2","2","0","","","https://docstation.co/company","https://docstation.co/company"
"https://docstation.co/blog/the-pharmacist-ecare-plan","200","","2530","2530","0","0.000","The Pharmacist eCare Plan | Care with DocStation","The Pharmacist eCare Plan | Care with DocStation","The Pharmacist eCare Plan","The Pharmacist eCare Plan","An intervention for today's pharmacy: DocStation provides a platform for value-based care.","An intervention for today's pharmacy: DocStation provides a platform for value-based care.","https://docstation.co/blog/the-pharmacist-ecare-plan","https://docstation.co/blog/the-pharmacist-ecare-plan","1","0","24","0","4","0","","","https://docstation.co/blog/the-pharmacist-ecare-plan","https://docstation.co/blog/the-pharmacist-ecare-plan"
"https://docstation.co/blog/the-applications-of-blockchain-technology-in-healthcare","200","","1281","1281","0","0.000","The Applications of Blockchain Technology in Healthcare | Care with DocStation","The Applications of Blockchain Technology in Healthcare | Care with DocStation","The Applications of Blockchain Technology in Healthcare","The Applications of Blockchain Technology in Healthcare","An intervention for today's pharmacy: DocStation provides a platform for value-based care.","An intervention for today's pharmacy: DocStation provides a platform for value-based care.","https://docstation.co/blog/the-applications-of-blockchain-technology-in-healthcare","https://docstation.co/blog/the-applications-of-blockchain-technology-in-healthcare","1","0","22","0","10","0","","","https://docstation.co/blog/the-applications-of-blockchain-technology-in-healthcare","https://docstation.co/blog/the-applications-of-blockchain-technology-in-healthcare"
"https://docstation.co/legal/business-associate-agreement","200","","2611","2611","0","0.000","Business Associate Agreement | Care with DocStation","Business Associate Agreement | Care with DocStation","Business Associate Agreement","Business Associate Agreement","An intervention for today's pharmacy: DocStation provides a platform for value-based care.","An intervention for today's pharmacy: DocStation provides a platform for value-based care.","https://docstation.co/legal/business-associate-agreement","https://docstation.co/legal/business-associate-agreement","6","0","29","1","1","0","","","https://docstation.co/legal/business-associate-agreement","https://docstation.co/legal/business-associate-agreement"
"https://docstation.co/blog/why-pharmacist-provider-status-is-inevitable","200","","1293","1293","0","0.000","Provider Status is Inevitable | Care with DocStation","Provider Status is Inevitable | Care with DocStation","Provider Status is Inevitable","Provider Status is Inevitable","An intervention for today's pharmacy: DocStation provides a platform for value-based care.","An intervention for today's pharmacy: DocStation provides a platform for value-based care.","https://docstation.co/blog/why-pharmacist-provider-status-is-inevitable","https://docstation.co/blog/why-pharmacist-provider-status-is-inevitable","1","0","23","0","18","0","","","https://docstation.co/blog/why-pharmacist-provider-status-is-inevitable","https://docstation.co/blog/why-pharmacist-provider-status-is-inevitable"
"https://docstation.co/blog/docstation-released-to-pharmacy-innovators","200","","392","392","0","0.000","DocStation released to Pharmacy Innovators | Care with DocStation","DocStation released to Pharmacy Innovators | Care with DocStation","DocStation released to Pharmacy Innovators","DocStation released to Pharmacy Innovators","An intervention for today's pharmacy: DocStation provides a platform for value-based care.","An intervention for today's pharmacy: DocStation provides a platform for value-based care.","https://docstation.co/blog/docstation-released-to-pharmacy-innovators","https://docstation.co/blog/docstation-released-to-pharmacy-innovators","1","0","23","0","2","0","","","https://docstation.co/blog/docstation-released-to-pharmacy-innovators","https://docstation.co/blog/docstation-released-to-pharmacy-innovators"
"https://status.docstation.co/history/c647b42eb351","200","OK","0","142","142","100.000","System Status","DocStation - System status","","","","","","","1","0","2","2","1","1","","","https://status.docstation.co/history/c647b42eb351","https://status.docstation.co/history/c647b42eb351"
"https://status.docstation.co/","200","OK","0","54","54","100.000","System Status","DocStation - System status","","","","","","","60","0","2","2","1","1","","","https://status.docstation.co/","https://status.docstation.co/"
"https://status.docstation.co/history/26c6874c2f40","200","OK","0","83","83","100.000","System Status","DocStation - System status","","","","","","","1","0","2","2","1","1","","","https://status.docstation.co/history/26c6874c2f40","https://status.docstation.co/history/26c6874c2f40"
"https://status.docstation.co/history","200","OK","0","753","753","100.000","System Status","DocStation - System status","","","","","","","8","0","8","8","1","1","","","https://status.docstation.co/history","https://status.docstation.co/history"
"https://blackbird.docstation.co/?p=%2F&h=https%3A%2F%2Fdocstation.co&r=&sid=HOTVIUAS&qs={}&cid=32098627","200","","0","0","0","0.000","","","","","","","","","1","0","0","0","0","0","","","https://blackbird.docstation.co/?p=%2F&h=https%3A%2F%2Fdocstation.co&r=&sid=HOTVIUAS&qs={}&cid=32098627","https://blackbird.docstation.co/?p=%2F&h=https%3A%2F%2Fdocstation.co&r=&sid=HOTVIUAS&qs=%7B%7D&cid=32098627"
"https://blackbird.docstation.co/?p=%2Fsolutions%2Fhealth-plans&h=https%3A%2F%2Fdocstation.co&r=&sid=HOTVIUAS&qs={}&cid=51113981","200","","0","0","0","0.000","","","","","","","","","1","0","0","0","0","0","","","https://blackbird.docstation.co/?p=%2Fsolutions%2Fhealth-plans&h=https%3A%2F%2Fdocstation.co&r=&sid=HOTVIUAS&qs={}&cid=51113981","https://blackbird.docstation.co/?p=%2Fsolutions%2Fhealth-plans&h=https%3A%2F%2Fdocstation.co&r=&sid=HOTVIUAS&qs=%7B%7D&cid=51113981"
"https://docstation.co/blog/what-the-new-cms-proposed-rule-means-for-mtm-programs-in-2021","200","","1320","1320","0","0.000","What the New CMS Proposed Rule Means for MTM Programs in 2021 | Care with DocStation","What the New CMS Proposed Rule Means for MTM Programs in 2021 | Care with DocStation","What the New CMS Proposed Rule Means for MTM Programs in 2021","What the New CMS Proposed Rule Means for MTM Programs in 2021","An intervention for today's pharmacy: DocStation provides a platform for value-based care.","An intervention for today's pharmacy: DocStation provides a platform for value-based care.","https://docstation.co/blog/what-the-new-cms-proposed-rule-means-for-mtm-programs-in-2021","https://docstation.co/blog/what-the-new-cms-proposed-rule-means-for-mtm-programs-in-2021","1","0","24","0","6","0","","","https://docstation.co/blog/what-the-new-cms-proposed-rule-means-for-mtm-programs-in-2021","https://docstation.co/blog/what-the-new-cms-proposed-rule-means-for-mtm-programs-in-2021"
"https://docstation.co/security","200","","215","215","0","0.000","Security | Care with DocStation","Security | Care with DocStation","Comprehensive data protection","Comprehensive data protection","An intervention for today's pharmacy: DocStation provides a platform for value-based care.","An intervention for today's pharmacy: DocStation provides a platform for value-based care.","https://docstation.co/security","https://docstation.co/security","52","0","24","2","1","0","","","https://docstation.co/security","https://docstation.co/security"
"https://help.docstation.co/en/articles/5076934-comprehensive-medication-review-task","200","","484","484","0","0.000","Comprehensive Medication Review Task | DocStation Help Center","Comprehensive Medication Review Task | DocStation Help Center","Comprehensive Medication Review Task","Comprehensive Medication Review Task","A simple workflow to quickly document a CMR and produce Medicare-standard patient takeaways.","A simple workflow to quickly document a CMR and produce Medicare-standard patient takeaways.","http://help.docstation.co/en/articles/5076934-comprehensive-medication-review-task","http://help.docstation.co/en/articles/5076934-comprehensive-medication-review-task","1","0","4","0","2","0","","","https://help.docstation.co/en/articles/5076934-comprehensive-medication-review-task","https://help.docstation.co/en/articles/5076934-comprehensive-medication-review-task"
"https://help.docstation.co/en/collections/3067603-medical-billing","200","","139","139","0","0.000","Medical Billing | DocStation Help Center","Medical Billing | DocStation Help Center","Medical Billing","Medical Billing","","","http://help.docstation.co/en/collections/3067603-medical-billing","http://help.docstation.co/en/collections/3067603-medical-billing","5","0","6","0","2","0","","","https://help.docstation.co/en/collections/3067603-medical-billing","https://help.docstation.co/en/collections/3067603-medical-billing"
"https://help.docstation.co/en/articles/3836244-covid-19-information","200","","305","305","0","0.000","COVID-19 Information | DocStation Help Center","COVID-19 Information | DocStation Help Center","COVID-19 Information","COVID-19 Information","DocStation's plan, dashboard and patient list changes, and risk stratification pertaining to COVID-19.","DocStation's plan, dashboard and patient list changes, and risk stratification pertaining to COVID-19.","http://help.docstation.co/en/articles/3836244-covid-19-information","http://help.docstation.co/en/articles/3836244-covid-19-information","1","0","3","0","2","0","","","https://help.docstation.co/en/articles/3836244-covid-19-information","https://help.docstation.co/en/articles/3836244-covid-19-information"
"https://docstation.co/blog/pharmacist-providers-an-untapped-healthcare-resource","200","","1331","1331","0","0.000","Pharmacist Providers: An Untapped Resource | Care with DocStation","Pharmacist Providers: An Untapped Resource | Care with DocStation","Pharmacist Providers: An Untapped Resource","Pharmacist Providers: An Untapped Resource","An intervention for today's pharmacy: DocStation provides a platform for value-based care.","An intervention for today's pharmacy: DocStation provides a platform for value-based care.","https://docstation.co/blog/pharmacist-providers-an-untapped-healthcare-resource","https://docstation.co/blog/pharmacist-providers-an-untapped-healthcare-resource","1","0","23","0","6","1","","","https://docstation.co/blog/pharmacist-providers-an-untapped-healthcare-resource","https://docstation.co/blog/pharmacist-providers-an-untapped-healthcare-resource"
"https://app.docstation.co/login","200","","0","20","20","100.000","","Sign in to DocStation - DocStation","","","","DocStation is a cloud-based patient care platform for pharmacists. Easily provide value-based care for your patients.","","","55","0","3","3","0","0","","","https://app.docstation.co/login","https://app.docstation.co/login"
"https://docstation.co/blog/staying-sane-while-working-remotely-tips-from-a-healthcare-company","200","","1379","1379","0","0.000","Staying sane while working remotely, tips from a Healthcare company | Care with DocStation","Staying sane while working remotely, tips from a Healthcare company | Care with DocStation","Staying sane while working remotely, tips from a Healthcare company","Staying sane while working remotely, tips from a Healthcare company","An intervention for today's pharmacy: DocStation provides a platform for value-based care.","An intervention for today's pharmacy: DocStation provides a platform for value-based care.","https://docstation.co/blog/staying-sane-while-working-remotely-tips-from-a-healthcare-company","https://docstation.co/blog/staying-sane-while-working-remotely-tips-from-a-healthcare-company","1","0","22","0","5","0","","","https://docstation.co/blog/staying-sane-while-working-remotely-tips-from-a-healthcare-company","https://docstation.co/blog/staying-sane-while-working-remotely-tips-from-a-healthcare-company"
"https://help.docstation.co/en/","200","","131","131","0","0.000","DocStation Help Center","DocStation Help Center","Advice and answers from the DocStation Team","Advice and answers from the DocStation Team","","","http://help.docstation.co/en/","http://help.docstation.co/en/","34","0","8","0","2","0","","","https://help.docstation.co/en/","https://help.docstation.co/en/"
"https://help.docstation.co/en/collections/1838431-docstation-payment-programs","200","","159","159","0","0.000","DocStation Payment Programs | DocStation Help Center","DocStation Payment Programs | DocStation Help Center","DocStation Payment Programs","DocStation Payment Programs","Improve -- and get paid for -- your clinical programs with DocStation","Improve -- and get paid for -- your clinical programs with DocStation","http://help.docstation.co/en/collections/1838431-docstation-payment-programs","http://help.docstation.co/en/collections/1838431-docstation-payment-programs","6","0","7","0","2","0","","","https://help.docstation.co/en/collections/1838431-docstation-payment-programs","https://help.docstation.co/en/collections/1838431-docstation-payment-programs"
"https://docstation.co/blog/3","200","","149","149","0","0.000","The Pharmacy Standard | Care with DocStation","The Pharmacy Standard | Care with DocStation","DocStation released to Pharmacy Innovators","DocStation released to Pharmacy Innovators","An intervention for today's pharmacy: DocStation provides a platform for value-based care.","An intervention for today's pharmacy: DocStation provides a platform for value-based care.","https://docstation.co/blog/3","https://docstation.co/blog/3","1","0","32","0","1","0","","","https://docstation.co/blog/3","https://docstation.co/blog/3"
"https://docstation.co/blog/2","200","","150","150","0","0.000","The Pharmacy Standard | Care with DocStation","The Pharmacy Standard | Care with DocStation","Front-Line Pharmacists","Front-Line Pharmacists","An intervention for today's pharmacy: DocStation provides a platform for value-based care.","An intervention for today's pharmacy: DocStation provides a platform for value-based care.","https://docstation.co/blog/2","https://docstation.co/blog/2","2","0","33","0","1","0","","","https://docstation.co/blog/2","https://docstation.co/blog/2"
"https://docstation.co/blog/lessons-from-the-road","200","","2084","2084","0","0.000","Lessons from the Road | Care with DocStation","Lessons from the Road | Care with DocStation","Lessons from the Road","Lessons from the Road","An intervention for today's pharmacy: DocStation provides a platform for value-based care.","An intervention for today's pharmacy: DocStation provides a platform for value-based care.","https://docstation.co/blog/lessons-from-the-road","https://docstation.co/blog/lessons-from-the-road","1","0","23","0","5","0","","","https://docstation.co/blog/lessons-from-the-road","https://docstation.co/blog/lessons-from-the-road"
"https://docstation.co/legal/responsible-disclosure","200","","501","501","0","0.000","Responsible Disclosure | Care with DocStation","Responsible Disclosure | Care with DocStation","Responsible Disclosure","Responsible Disclosure","An intervention for today's pharmacy: DocStation provides a platform for value-based care.","An intervention for today's pharmacy: DocStation provides a platform for value-based care.","https://docstation.co/legal/responsible-disclosure","https://docstation.co/legal/responsible-disclosure","5","0","28","0","2","0","","","https://docstation.co/legal/responsible-disclosure","https://docstation.co/legal/responsible-disclosure"
"https://blackbird.docstation.co/?p=%2Fsolutions%2Fhealth-plans&h=https%3A%2F%2Fdocstation.co&r=&sid=HOTVIUAS&qs={}&cid=45994053","200","","0","0","0","0.000","","","","","","","","","1","0","0","0","0","0","","","https://blackbird.docstation.co/?p=%2Fsolutions%2Fhealth-plans&h=https%3A%2F%2Fdocstation.co&r=&sid=HOTVIUAS&qs={}&cid=45994053","https://blackbird.docstation.co/?p=%2Fsolutions%2Fhealth-plans&h=https%3A%2F%2Fdocstation.co&r=&sid=HOTVIUAS&qs=%7B%7D&cid=45994053"
"https://help.docstation.co/en/articles/6177671-diabetes-eye-exam-assessment","200","","146","146","0","0.000","Diabetes Eye Exam Assessment | DocStation Help Center","Diabetes Eye Exam Assessment | DocStation Help Center","Diabetes Eye Exam Assessment","Diabetes Eye Exam Assessment","","","http://help.docstation.co/en/articles/6177671-diabetes-eye-exam-assessment","http://help.docstation.co/en/articles/6177671-diabetes-eye-exam-assessment","1","0","3","0","2","0","","","https://help.docstation.co/en/articles/6177671-diabetes-eye-exam-assessment","https://help.docstation.co/en/articles/6177671-diabetes-eye-exam-assessment"
"https://docstation.co/features/billing-revenue","200","","268","268","0","0.000","Billing & Revenue | Care with DocStation","Billing & Revenue | Care with DocStation","We believe pharmacists are providers, too","We believe pharmacists are providers, too","An intervention for today's pharmacy: DocStation provides a platform for value-based care.","An intervention for today's pharmacy: DocStation provides a platform for value-based care.","https://docstation.co/features/billing-revenue","https://docstation.co/features/billing-revenue","52","0","24","2","2","1","","","https://docstation.co/features/billing-revenue","https://docstation.co/features/billing-revenue"
"https://help.docstation.co/en/collections/1838427-account-management","200","","196","196","0","0.000","Account Management | DocStation Help Center","Account Management | DocStation Help Center","Account Management","Account Management","Access manage your DocStation organization","Access manage your DocStation organization","http://help.docstation.co/en/collections/1838427-account-management","http://help.docstation.co/en/collections/1838427-account-management","9","0","10","0","2","0","","","https://help.docstation.co/en/collections/1838427-account-management","https://help.docstation.co/en/collections/1838427-account-management"
"https://help.docstation.co/en/articles/3094122-login-access-expired","200","","179","179","0","0.000","Login Access Expired | DocStation Help Center","Login Access Expired | DocStation Help Center","Login Access Expired","Login Access Expired","How to get access to your pharmacy dashboard after your initial account confirmation email expires.","How to get access to your pharmacy dashboard after your initial account confirmation email expires.","http://help.docstation.co/en/articles/3094122-login-access-expired","http://help.docstation.co/en/articles/3094122-login-access-expired","1","0","3","0","2","0","","","https://help.docstation.co/en/articles/3094122-login-access-expired","https://help.docstation.co/en/articles/3094122-login-access-expired"
"https://docstation.co/blog/leveraging-technology-for-value-based-pharmacy-models","200","","304","304","0","0.000","Leveraging Technology for Value-Based Pharmacy Models | Care with DocStation","Leveraging Technology for Value-Based Pharmacy Models | Care with DocStation","Leveraging Technology for Value-Based Pharmacy Models","Leveraging Technology for Value-Based Pharmacy Models","An intervention for today's pharmacy: DocStation provides a platform for value-based care.","An intervention for today's pharmacy: DocStation provides a platform for value-based care.","https://docstation.co/blog/leveraging-technology-for-value-based-pharmacy-models","https://docstation.co/blog/leveraging-technology-for-value-based-pharmacy-models","1","0","23","0","5","0","","","https://docstation.co/blog/leveraging-technology-for-value-based-pharmacy-models","https://docstation.co/blog/leveraging-technology-for-value-based-pharmacy-models"
"https://docstation.co/","200","","648","648","0","0.000","Home | Care with DocStation","Home | Care with DocStation","An Intervention for Today's Pharmacy","An Intervention for Today's Pharmacy","An intervention for today's pharmacy: DocStation provides a platform for value-based care.","An intervention for today's pharmacy: DocStation provides a platform for value-based care.","https://docstation.co/","https://docstation.co/","88","0","24","2","3","0","","","https://docstation.co/","https://docstation.co/"
"https://status.docstation.co/history/92ccb529d9ff","200","OK","0","255","255","100.000","System Status","DocStation - System status","","","","","","","1","0","2","2","1","1","","","https://status.docstation.co/history/92ccb529d9ff","https://status.docstation.co/history/92ccb529d9ff"
"https://docstation.co/blog/the-freecare-plan-for-pharmacists","200","","1171","1171","0","0.000","The freeCare Plan for Pharmacists | Care with DocStation","The freeCare Plan for Pharmacists | Care with DocStation","*The *freeCare Plan for Pharmacists","*The *freeCare Plan for Pharmacists","An intervention for today's pharmacy: DocStation provides a platform for value-based care.","An intervention for today's pharmacy: DocStation provides a platform for value-based care.","https://docstation.co/blog/the-freecare-plan-for-pharmacists","https://docstation.co/blog/the-freecare-plan-for-pharmacists","1","0","24","0","5","0","","","https://docstation.co/blog/the-freecare-plan-for-pharmacists","https://docstation.co/blog/the-freecare-plan-for-pharmacists"
"https://docstation.co/blog/wait-can-pharmacists-bill-for-the-coronavirus-test","200","","1409","1409","0","0.000","Wait — Can Pharmacists Bill for the Coronavirus Test? | Care with DocStation","Wait — Can Pharmacists Bill for the Coronavirus Test? | Care with DocStation","Wait — Can Pharmacists Bill for the Coronavirus Test?","Wait — Can Pharmacists Bill for the Coronavirus Test?","An intervention for today's pharmacy: DocStation provides a platform for value-based care.","An intervention for today's pharmacy: DocStation provides a platform for value-based care.","https://docstation.co/blog/wait-can-pharmacists-bill-for-the-coronavirus-test","https://docstation.co/blog/wait-can-pharmacists-bill-for-the-coronavirus-test","1","0","24","0","5","0","","","https://docstation.co/blog/wait-can-pharmacists-bill-for-the-coronavirus-test","https://docstation.co/blog/wait-can-pharmacists-bill-for-the-coronavirus-test"
"https://docstation.co/legal/terms-of-service","200","","13961","13961","0","0.000","Terms of Service | Care with DocStation","Terms of Service | Care with DocStation","Terms of Service","Terms of Service","An intervention for today's pharmacy: DocStation provides a platform for value-based care.","An intervention for today's pharmacy: DocStation provides a platform for value-based care.","https://docstation.co/legal/terms-of-service","https://docstation.co/legal/terms-of-service","53","0","30","2","1","0","","","https://docstation.co/legal/terms-of-service","https://docstation.co/legal/terms-of-service"
"https://help.docstation.co/en/collections/1609111-docstation-tasks","200","","65","65","0","0.000","DocStation Tasks | DocStation Help Center","DocStation Tasks | DocStation Help Center","DocStation Tasks","DocStation Tasks","Tips for working efficiently in DocStation","Tips for working efficiently in DocStation","http://help.docstation.co/en/collections/1609111-docstation-tasks","http://help.docstation.co/en/collections/1609111-docstation-tasks","3","0","4","0","2","0","","","https://help.docstation.co/en/collections/1609111-docstation-tasks","https://help.docstation.co/en/collections/1609111-docstation-tasks"
"https://help.docstation.co/en/articles/5076940-getting-started-with-claims-and-billing","200","","537","537","0","0.000","Getting Started with Claims and Billing | DocStation Help Center","Getting Started with Claims and Billing | DocStation Help Center","Getting Started with Claims and Billing","Getting Started with Claims and Billing","A quick tutorial on how to get started with DocStation's Claims and Billing Subscription.","A quick tutorial on how to get started with DocStation's Claims and Billing Subscription.","http://help.docstation.co/en/articles/5076940-getting-started-with-claims-and-billing","http://help.docstation.co/en/articles/5076940-getting-started-with-claims-and-billing","1","0","3","0","2","0","","","https://help.docstation.co/en/articles/5076940-getting-started-with-claims-and-billing","https://help.docstation.co/en/articles/5076940-getting-started-with-claims-and-billing"
"https://help.docstation.co/en/articles/4151492-importing-a-csv-file","200","","510","510","0","0.000","Importing a CSV File | DocStation Help Center","Importing a CSV File | DocStation Help Center","Importing a CSV File","Importing a CSV File","Learn how to import multiple patients using a CSV file","Learn how to import multiple patients using a CSV file","http://help.docstation.co/en/articles/4151492-importing-a-csv-file","http://help.docstation.co/en/articles/4151492-importing-a-csv-file","1","0","3","0","4","1","","","https://help.docstation.co/en/articles/4151492-importing-a-csv-file","https://help.docstation.co/en/articles/4151492-importing-a-csv-file"
"https://docstation.co/blog","200","","162","162","0","0.000","The Pharmacy Standard | Care with DocStation","The Pharmacy Standard | Care with DocStation","DocStation Partners with ONE Rx To Combat Opioid Misuse in North Dakota","DocStation Partners with ONE Rx To Combat Opioid Misuse in North Dakota","An intervention for today's pharmacy: DocStation provides a platform for value-based care.","An intervention for today's pharmacy: DocStation provides a platform for value-based care.","https://docstation.co/blog","https://docstation.co/blog","52","0","35","2","1","0","","","https://docstation.co/blog","https://docstation.co/blog"
"https://status.docstation.co/history/339a6d9fa538","200","OK","0","60","60","100.000","System Status","DocStation - System status","","","","","","","1","0","2","2","1","1","","","https://status.docstation.co/history/339a6d9fa538","https://status.docstation.co/history/339a6d9fa538"
"https://docstation.co/blog/meet-chris","200","","544","544","0","0.000","Meet Chris! | Care with DocStation","Meet Chris! | Care with DocStation","Meet Chris!","Meet Chris!","An intervention for today's pharmacy: DocStation provides a platform for value-based care.","An intervention for today's pharmacy: DocStation provides a platform for value-based care.","https://docstation.co/blog/meet-chris","https://docstation.co/blog/meet-chris","1","0","22","0","3","0","","","https://docstation.co/blog/meet-chris","https://docstation.co/blog/meet-chris"
"https://docstation.co/solutions","200","","706","706","0","0.000","Solutions | Care with DocStation","Solutions | Care with DocStation","DocStation for Pharmacists","DocStation for Pharmacists","An intervention for today's pharmacy: DocStation provides a platform for value-based care.","An intervention for today's pharmacy: DocStation provides a platform for value-based care.","https://docstation.co/solutions","https://docstation.co/solutions","52","0","24","2","1","0","","","https://docstation.co/solutions","https://docstation.co/solutions"
"https://blackbird.docstation.co/?p=%2Fcompany&h=https%3A%2F%2Fdocstation.co&r=&sid=HOTVIUAS&qs={}&cid=8491885","200","","0","0","0","0.000","","","","","","","","","1","0","0","0","0","0","","","https://blackbird.docstation.co/?p=%2Fcompany&h=https%3A%2F%2Fdocstation.co&r=&sid=HOTVIUAS&qs={}&cid=8491885","https://blackbird.docstation.co/?p=%2Fcompany&h=https%3A%2F%2Fdocstation.co&r=&sid=HOTVIUAS&qs=%7B%7D&cid=8491885"
"https://help.docstation.co/en/articles/4381072-north-dakota-medicaid-mtm-program","200","","587","587","0","0.000","North Dakota Medicaid MTM Program | DocStation Help Center","North Dakota Medicaid MTM Program | DocStation Help Center","North Dakota Medicaid MTM Program","North Dakota Medicaid MTM Program","Details about the North Dakota Medicaid MTM Program","Details about the North Dakota Medicaid MTM Program","http://help.docstation.co/en/articles/4381072-north-dakota-medicaid-mtm-program","http://help.docstation.co/en/articles/4381072-north-dakota-medicaid-mtm-program","1","0","7","0","2","0","","","https://help.docstation.co/en/articles/4381072-north-dakota-medicaid-mtm-program","https://help.docstation.co/en/articles/4381072-north-dakota-medicaid-mtm-program"
"https://help.docstation.co/en/articles/3063067-add-a-new-team-member-user","200","","156","156","0","0.000","Add a new team member / user | DocStation Help Center","Add a new team member / user | DocStation Help Center","Add a new team member / user","Add a new team member / user","How to add new users to your DocStation dashboard","How to add new users to your DocStation dashboard","http://help.docstation.co/en/articles/3063067-add-a-new-team-member-user","http://help.docstation.co/en/articles/3063067-add-a-new-team-member-user","1","0","3","0","2","0","","","https://help.docstation.co/en/articles/3063067-add-a-new-team-member-user","https://help.docstation.co/en/articles/3063067-add-a-new-team-member-user"
"https://docstation.co/legal/add-on-terms","200","","1693","1693","0","0.000","Add-On Service Terms and Conditions | Care with DocStation","Add-On Service Terms and Conditions | Care with DocStation","Add-On Service Terms and Conditions","Add-On Service Terms and Conditions","An intervention for today's pharmacy: DocStation provides a platform for value-based care.","An intervention for today's pharmacy: DocStation provides a platform for value-based care.","https://docstation.co/legal/add-on-terms","https://docstation.co/legal/add-on-terms","5","0","28","0","1","0","","","https://docstation.co/legal/add-on-terms","https://docstation.co/legal/add-on-terms"
"https://docstation.co/blog/docstation-raises-3-1m-to-make-pharmacists-front-line-providers","200","","467","467","0","0.000","DocStation Raises $3.1M To Make Pharmacists Front-Line Providers | Care with DocStation","DocStation Raises $3.1M To Make Pharmacists Front-Line Providers | Care with DocStation","DocStation Raises $3.1M To Make Pharmacists Front-Line Providers","DocStation Raises $3.1M To Make Pharmacists Front-Line Providers","An intervention for today's pharmacy: DocStation provides a platform for value-based care.","An intervention for today's pharmacy: DocStation provides a platform for value-based care.","https://docstation.co/blog/docstation-raises-3-1m-to-make-pharmacists-front-line-providers","https://docstation.co/blog/docstation-raises-3-1m-to-make-pharmacists-front-line-providers","1","0","23","0","8","0","","","https://docstation.co/blog/docstation-raises-3-1m-to-make-pharmacists-front-line-providers","https://docstation.co/blog/docstation-raises-3-1m-to-make-pharmacists-front-line-providers"
"https://help.docstation.co/en/articles/3028288-training-for-new-users","200","","146","146","0","0.000","Training for New Users | DocStation Help Center","Training for New Users | DocStation Help Center","Training for New Users","Training for New Users","Provide the tools your users need to address tasks in DocStation","Provide the tools your users need to address tasks in DocStation","http://help.docstation.co/en/articles/3028288-training-for-new-users","http://help.docstation.co/en/articles/3028288-training-for-new-users","1","0","3","0","5","0","","","https://help.docstation.co/en/articles/3028288-training-for-new-users","https://help.docstation.co/en/articles/3028288-training-for-new-users"
"https://docstation.co/blog/meet-rishi","200","","575","575","0","0.000","Meet Rishi! | Care with DocStation","Meet Rishi! | Care with DocStation","Meet Rishi!","Meet Rishi!","An intervention for today's pharmacy: DocStation provides a platform for value-based care.","An intervention for today's pharmacy: DocStation provides a platform for value-based care.","https://docstation.co/blog/meet-rishi","https://docstation.co/blog/meet-rishi","1","0","22","0","4","0","","","https://docstation.co/blog/meet-rishi","https://docstation.co/blog/meet-rishi"
"https://docstation.co/solutions/employers","200","","314","314","0","0.000","Employers | Care with DocStation","Employers | Care with DocStation","DocStation for Employers","DocStation for Employers","An intervention for today's pharmacy: DocStation provides a platform for value-based care.","An intervention for today's pharmacy: DocStation provides a platform for value-based care.","https://docstation.co/solutions/employers","https://docstation.co/solutions/employers","52","0","24","2","1","0","","","https://docstation.co/solutions/employers","https://docstation.co/solutions/employers"
"https://docstation.co/solutions/medicare","200","","414","414","0","0.000","Medicare | Care with DocStation","Medicare | Care with DocStation","DocStation for Medicare","DocStation for Medicare","An intervention for today's pharmacy: DocStation provides a platform for value-based care.","An intervention for today's pharmacy: DocStation provides a platform for value-based care.","https://docstation.co/solutions/medicare","https://docstation.co/solutions/medicare","52","0","24","2","1","0","","","https://docstation.co/solutions/medicare","https://docstation.co/solutions/medicare"
"https://docstation.co/features/connectivity-integration","200","","258","258","0","0.000","Technology Integrations | Care with DocStation","Technology Integrations | Care with DocStation","Separate logins are in the past","Separate logins are in the past","An intervention for today's pharmacy: DocStation provides a platform for value-based care.","An intervention for today's pharmacy: DocStation provides a platform for value-based care.","https://docstation.co/features/connectivity-integration","https://docstation.co/features/connectivity-integration","52","0","24","2","1","0","","","https://docstation.co/features/connectivity-integration","https://docstation.co/features/connectivity-integration"
"https://help.docstation.co/en/collections/2222973-covid-19-resources","200","","93","93","0","0.000","COVID-19 Resources | DocStation Help Center","COVID-19 Resources | DocStation Help Center","COVID-19 Resources","COVID-19 Resources","Learn how DocStation is supporting pharmacies on the front lines","Learn how DocStation is supporting pharmacies on the front lines","http://help.docstation.co/en/collections/2222973-covid-19-resources","http://help.docstation.co/en/collections/2222973-covid-19-resources","4","0","5","0","2","0","","","https://help.docstation.co/en/collections/2222973-covid-19-resources","https://help.docstation.co/en/collections/2222973-covid-19-resources"
"https://help.docstation.co/en/articles/3472434-pharmacy-innovators-meetings-and-community-resources","200","","137","137","0","0.000","Pharmacy Innovators Meetings and Community Resources | DocStation Help Center","Pharmacy Innovators Meetings and Community Resources | DocStation Help Center","Pharmacy Innovators Meetings and Community Resources","Pharmacy Innovators Meetings and Community Resources","Links to recorded monthly meetings, presentation slides, and other community resources!","Links to recorded monthly meetings, presentation slides, and other community resources!","http://help.docstation.co/en/articles/3472434-pharmacy-innovators-meetings-and-community-resources","http://help.docstation.co/en/articles/3472434-pharmacy-innovators-meetings-and-community-resources","1","0","3","0","4","0","","","https://help.docstation.co/en/articles/3472434-pharmacy-innovators-meetings-and-community-resources","https://help.docstation.co/en/articles/3472434-pharmacy-innovators-meetings-and-community-resources"
"https://blackbird.docstation.co/?p=%2F&h=https%3A%2F%2Fdocstation.co&r=&sid=HOTVIUAS&qs={}&cid=2348002","200","","0","0","0","0.000","","","","","","","","","1","0","0","0","0","0","","","https://blackbird.docstation.co/?p=%2F&h=https%3A%2F%2Fdocstation.co&r=&sid=HOTVIUAS&qs={}&cid=2348002","https://blackbird.docstation.co/?p=%2F&h=https%3A%2F%2Fdocstation.co&r=&sid=HOTVIUAS&qs=%7B%7D&cid=2348002"
"https://help.docstation.co/en/articles/3063073-how-to-sign-up-for-docstation","200","","94","94","0","0.000","How to sign up for DocStation | DocStation Help Center","How to sign up for DocStation | DocStation Help Center","How to sign up for DocStation","How to sign up for DocStation","","","http://help.docstation.co/en/articles/3063073-how-to-sign-up-for-docstation","http://help.docstation.co/en/articles/3063073-how-to-sign-up-for-docstation","1","0","3","0","2","0","","","https://help.docstation.co/en/articles/3063073-how-to-sign-up-for-docstation","https://help.docstation.co/en/articles/3063073-how-to-sign-up-for-docstation"
"https://docstation.co/blog/the-future-of-pharmacy-is-value-based-part-two","200","","1333","1333","0","0.000","The Future of Pharmacy is Value-Based, Part Two | Care with DocStation","The Future of Pharmacy is Value-Based, Part Two | Care with DocStation","The Future of Pharmacy is Value-Based, Part Two","The Future of Pharmacy is Value-Based, Part Two","An intervention for today's pharmacy: DocStation provides a platform for value-based care.","An intervention for today's pharmacy: DocStation provides a platform for value-based care.","https://docstation.co/blog/the-future-of-pharmacy-is-value-based-part-two","https://docstation.co/blog/the-future-of-pharmacy-is-value-based-part-two","1","0","25","2","3","0","","","https://docstation.co/blog/the-future-of-pharmacy-is-value-based-part-two","https://docstation.co/blog/the-future-of-pharmacy-is-value-based-part-two"
"https://docstation.co/features/patient-case-management","200","","237","237","0","0.000","Patient & Case Management | Care with DocStation","Patient & Case Management | Care with DocStation","Manage All Your Patients in One, Easy Place","Manage All Your Patients in One, Easy Place","An intervention for today's pharmacy: DocStation provides a platform for value-based care.","An intervention for today's pharmacy: DocStation provides a platform for value-based care.","https://docstation.co/features/patient-case-management","https://docstation.co/features/patient-case-management","52","0","24","2","1","0","","","https://docstation.co/features/patient-case-management","https://docstation.co/features/patient-case-management"
"https://docstation.co/blog/meet-samm","200","","600","600","0","0.000","Meet Samm! | Care with DocStation","Meet Samm! | Care with DocStation","Meet Samm!","Meet Samm!","An intervention for today's pharmacy: DocStation provides a platform for value-based care.","An intervention for today's pharmacy: DocStation provides a platform for value-based care.","https://docstation.co/blog/meet-samm","https://docstation.co/blog/meet-samm","1","0","22","0","2","0","","","https://docstation.co/blog/meet-samm","https://docstation.co/blog/meet-samm"
"https://help.docstation.co/en/articles/3636468-pharmacist-ecare-plans","200","","392","392","0","0.000","Pharmacist eCare Plans | DocStation Help Center","Pharmacist eCare Plans | DocStation Help Center","Pharmacist eCare Plans","Pharmacist eCare Plans","How to create and submit eCare Plans","How to create and submit eCare Plans","http://help.docstation.co/en/articles/3636468-pharmacist-ecare-plans","http://help.docstation.co/en/articles/3636468-pharmacist-ecare-plans","1","0","4","0","4","0","","","https://help.docstation.co/en/articles/3636468-pharmacist-ecare-plans","https://help.docstation.co/en/articles/3636468-pharmacist-ecare-plans"
"https://docstation.co/solutions/medicaid","200","","378","378","0","0.000","Medicaid | Care with DocStation","Medicaid | Care with DocStation","DocStation for Medicaid","DocStation for Medicaid","An intervention for today's pharmacy: DocStation provides a platform for value-based care.","An intervention for today's pharmacy: DocStation provides a platform for value-based care.","https://docstation.co/solutions/medicaid","https://docstation.co/solutions/medicaid","52","0","24","2","1","0","","","https://docstation.co/solutions/medicaid","https://docstation.co/solutions/medicaid"
"https://docstation.co/features/value-based-pharmacy","200","","242","242","0","0.000","Value-based pharmacy | Care with DocStation","Value-based pharmacy | Care with DocStation","Provide clinical services — and get paid","Provide clinical services — and get paid","An intervention for today's pharmacy: DocStation provides a platform for value-based care.","An intervention for today's pharmacy: DocStation provides a platform for value-based care.","https://docstation.co/features/value-based-pharmacy","https://docstation.co/features/value-based-pharmacy","52","0","24","2","1","0","","","https://docstation.co/features/value-based-pharmacy","https://docstation.co/features/value-based-pharmacy"
"https://docstation.co/blog/meet-aubree","200","","612","612","0","0.000","Meet Aubree! | Care with DocStation","Meet Aubree! | Care with DocStation","Meet Aubree!","Meet Aubree!","An intervention for today's pharmacy: DocStation provides a platform for value-based care.","An intervention for today's pharmacy: DocStation provides a platform for value-based care.","https://docstation.co/blog/meet-aubree","https://docstation.co/blog/meet-aubree","1","0","22","0","3","0","","","https://docstation.co/blog/meet-aubree","https://docstation.co/blog/meet-aubree"
"https://help.docstation.co/en/articles/5359885-one-program-screening-follow-up-task","200","","243","243","0","0.000","ONE Program Screening Follow Up Task | DocStation Help Center","ONE Program Screening Follow Up Task | DocStation Help Center","ONE Program Screening Follow Up Task","ONE Program Screening Follow Up Task","All the info on the technician-focused follow up to the ONE Program Screening","All the info on the technician-focused follow up to the ONE Program Screening","http://help.docstation.co/en/articles/5359885-one-program-screening-follow-up-task","http://help.docstation.co/en/articles/5359885-one-program-screening-follow-up-task","1","0","4","0","2","0","","","https://help.docstation.co/en/articles/5359885-one-program-screening-follow-up-task","https://help.docstation.co/en/articles/5359885-one-program-screening-follow-up-task"
"https://help.docstation.co/en/articles/4499211-single-sign-on-sso-for-enterprise-accounts","200","","238","238","0","0.000","Single Sign On (SSO) for Enterprise Accounts | DocStation Help Center","Single Sign On (SSO) for Enterprise Accounts | DocStation Help Center","Single Sign On (SSO) for Enterprise Accounts","Single Sign On (SSO) for Enterprise Accounts","How SSO works and what to do when you have it.","How SSO works and what to do when you have it.","http://help.docstation.co/en/articles/4499211-single-sign-on-sso-for-enterprise-accounts","http://help.docstation.co/en/articles/4499211-single-sign-on-sso-for-enterprise-accounts","1","0","5","0","2","0","","","https://help.docstation.co/en/articles/4499211-single-sign-on-sso-for-enterprise-accounts","https://help.docstation.co/en/articles/4499211-single-sign-on-sso-for-enterprise-accounts"
"https://help.docstation.co/en/articles/5168263-north-dakota-one-program-details","200","","710","710","0","0.000","North Dakota ONE Program Details | DocStation Help Center","North Dakota ONE Program Details | DocStation Help Center","North Dakota ONE Program Details","North Dakota ONE Program Details","Everything you need to know about participating in DocStation's ND ONE Program.","Everything you need to know about participating in DocStation's ND ONE Program.","http://help.docstation.co/en/articles/5168263-north-dakota-one-program-details","http://help.docstation.co/en/articles/5168263-north-dakota-one-program-details","1","0","8","0","6","0","","","https://help.docstation.co/en/articles/5168263-north-dakota-one-program-details","https://help.docstation.co/en/articles/5168263-north-dakota-one-program-details"
"https://help.docstation.co/en/collections/2461790-getting-started-with-docstation","200","","149","149","0","0.000","Getting Started with DocStation | DocStation Help Center","Getting Started with DocStation | DocStation Help Center","Getting Started with DocStation","Getting Started with DocStation","The best place to start to learn all about your new DocStation dashboard","The best place to start to learn all about your new DocStation dashboard","http://help.docstation.co/en/collections/2461790-getting-started-with-docstation","http://help.docstation.co/en/collections/2461790-getting-started-with-docstation","6","0","7","0","2","0","","","https://help.docstation.co/en/collections/2461790-getting-started-with-docstation","https://help.docstation.co/en/collections/2461790-getting-started-with-docstation"
"https://docstation.co/solutions/health-plans","200","","322","322","0","0.000","Health Plans | Care with DocStation","Health Plans | Care with DocStation","","","An intervention for today's pharmacy: DocStation provides a platform for value-based care.","An intervention for today's pharmacy: DocStation provides a platform for value-based care.","https://docstation.co/solutions/health-plans","https://docstation.co/solutions/health-plans","52","0","24","2","1","0","","","https://docstation.co/solutions/health-plans","https://docstation.co/solutions/health-plans"
"https://docstation.co/blog/docstations-tour-de-pharmacies-2018","200","","623","623","0","0.000","DocStation’s Tour de Pharmacies 2018 | Care with DocStation","DocStation’s Tour de Pharmacies 2018 | Care with DocStation","DocStation’s Tour de Pharmacies 2018","DocStation’s Tour de Pharmacies 2018","An intervention for today's pharmacy: DocStation provides a platform for value-based care.","An intervention for today's pharmacy: DocStation provides a platform for value-based care.","https://docstation.co/blog/docstations-tour-de-pharmacies-2018","https://docstation.co/blog/docstations-tour-de-pharmacies-2018","1","0","23","0","3","0","","","https://docstation.co/blog/docstations-tour-de-pharmacies-2018","https://docstation.co/blog/docstations-tour-de-pharmacies-2018"
"https://help.docstation.co/en/articles/3063063-how-to-change-or-reset-your-password","200","","93","93","0","0.000","How to change or reset your password | DocStation Help Center","How to change or reset your password | DocStation Help Center","How to change or reset your password","How to change or reset your password","","","http://help.docstation.co/en/articles/3063063-how-to-change-or-reset-your-password","http://help.docstation.co/en/articles/3063063-how-to-change-or-reset-your-password","1","0","3","0","2","0","","","https://help.docstation.co/en/articles/3063063-how-to-change-or-reset-your-password","https://help.docstation.co/en/articles/3063063-how-to-change-or-reset-your-password"
"https://docstation.co/blog/meet-simon","200","","635","635","0","0.000","Meet Simon! | Care with DocStation","Meet Simon! | Care with DocStation","Meet Simon!","Meet Simon!","An intervention for today's pharmacy: DocStation provides a platform for value-based care.","An intervention for today's pharmacy: DocStation provides a platform for value-based care.","https://docstation.co/blog/meet-simon","https://docstation.co/blog/meet-simon","1","0","22","0","5","1","","","https://docstation.co/blog/meet-simon","https://docstation.co/blog/meet-simon"
"https://help.docstation.co/en/articles/3028259-pharmacy-technicians-and-students","200","","151","151","0","0.000","Pharmacy Technicians and Students | DocStation Help Center","Pharmacy Technicians and Students | DocStation Help Center","Pharmacy Technicians and Students","Pharmacy Technicians and Students","Who can access and work on tasks in DocStation?","Who can access and work on tasks in DocStation?","http://help.docstation.co/en/articles/3028259-pharmacy-technicians-and-students","http://help.docstation.co/en/articles/3028259-pharmacy-technicians-and-students","1","0","4","0","2","0","","","https://help.docstation.co/en/articles/3028259-pharmacy-technicians-and-students","https://help.docstation.co/en/articles/3028259-pharmacy-technicians-and-students"
"https://docstation.co/solutions/pharmacies","200","","328","328","0","0.000","Pharmacies | Care with DocStation","Pharmacies | Care with DocStation","DocStation for Pharmacies","DocStation for Pharmacies","An intervention for today's pharmacy: DocStation provides a platform for value-based care.","An intervention for today's pharmacy: DocStation provides a platform for value-based care.","https://docstation.co/solutions/pharmacies","https://docstation.co/solutions/pharmacies","52","0","24","2","2","1","","","https://docstation.co/solutions/pharmacies","https://docstation.co/solutions/pharmacies"
"https://docstation.co/blog/meet-jeff","200","","422","422","0","0.000","Meet Jeff! | Care with DocStation","Meet Jeff! | Care with DocStation","Meet Jeff!","Meet Jeff!","An intervention for today's pharmacy: DocStation provides a platform for value-based care.","An intervention for today's pharmacy: DocStation provides a platform for value-based care.","https://docstation.co/blog/meet-jeff","https://docstation.co/blog/meet-jeff","1","0","22","0","3","0","","","https://docstation.co/blog/meet-jeff","https://docstation.co/blog/meet-jeff"
"https://blackbird.docstation.co/?p=%2Ffeatures%2Fbilling-revenue&h=https%3A%2F%2Fdocstation.co&r=&sid=HOTVIUAS&qs={}&cid=69901883","200","","0","0","0","0.000","","","","","","","","","1","0","0","0","0","0","","","https://blackbird.docstation.co/?p=%2Ffeatures%2Fbilling-revenue&h=https%3A%2F%2Fdocstation.co&r=&sid=HOTVIUAS&qs={}&cid=69901883","https://blackbird.docstation.co/?p=%2Ffeatures%2Fbilling-revenue&h=https%3A%2F%2Fdocstation.co&r=&sid=HOTVIUAS&qs=%7B%7D&cid=69901883"
"https://docstation.co/blog/the-case-for-specialty-pharmacy-data-standards","200","","1524","1524","0","0.000","The Power of Specialty Pharmacy Data | Care with DocStation","The Power of Specialty Pharmacy Data | Care with DocStation","The Power of Specialty Pharmacy Data","The Power of Specialty Pharmacy Data","An intervention for today's pharmacy: DocStation provides a platform for value-based care.","An intervention for today's pharmacy: DocStation provides a platform for value-based care.","https://docstation.co/blog/the-case-for-specialty-pharmacy-data-standards","https://docstation.co/blog/the-case-for-specialty-pharmacy-data-standards","1","0","24","0","3","0","","","https://docstation.co/blog/the-case-for-specialty-pharmacy-data-standards","https://docstation.co/blog/the-case-for-specialty-pharmacy-data-standards"
"https://landing.docstation.co/notify","200","","44","88","44","50.000","DocStation | Sign Up","DocStation | Sign Up","Tell us about yourself...","Tell us about yourself...","Sign up to get started using DocStation. Improve the lives of patients and demonstrate your value as a care provider with DocStation.","Sign up to get started using DocStation. Improve the lives of patients and demonstrate your value as a care provider with DocStation.","https://landing.docstation.co/notify","https://landing.docstation.co/notify","12","0","3","1","0","0","","","https://landing.docstation.co/notify","https://landing.docstation.co/notify"
"https://help.docstation.co/en/articles/4677317-north-dakota-medicaid-mtm-program-how-to-get-started","200","","559","559","0","0.000","North Dakota Medicaid MTM Program: How to Get Started | DocStation Help Center","North Dakota Medicaid MTM Program: How to Get Started | DocStation Help Center","North Dakota Medicaid MTM Program: How to Get Started","North Dakota Medicaid MTM Program: How to Get Started","Enrollment requirements in order to provide medication therapy management services to ND Medicaid members","Enrollment requirements in order to provide medication therapy management services to ND Medicaid members","http://help.docstation.co/en/articles/4677317-north-dakota-medicaid-mtm-program-how-to-get-started","http://help.docstation.co/en/articles/4677317-north-dakota-medicaid-mtm-program-how-to-get-started","1","0","3","0","5","0","","","https://help.docstation.co/en/articles/4677317-north-dakota-medicaid-mtm-program-how-to-get-started","https://help.docstation.co/en/articles/4677317-north-dakota-medicaid-mtm-program-how-to-get-started"
"https://docstation.co/features","200","","404","404","0","0.000","Features | Care with DocStation","Features | Care with DocStation","DocStation Features","DocStation Features","An intervention for today's pharmacy: DocStation provides a platform for value-based care.","An intervention for today's pharmacy: DocStation provides a platform for value-based care.","https://docstation.co/features","https://docstation.co/features","52","0","24","2","1","0","","","https://docstation.co/features","https://docstation.co/features"
"https://help.docstation.co/en/articles/4677469-forwardhealth-mtm-program-how-to-get-started","200","","478","478","0","0.000","ForwardHealth MTM Program: How to Get Started | DocStation Help Center","ForwardHealth MTM Program: How to Get Started | DocStation Help Center","ForwardHealth MTM Program: How to Get Started","ForwardHealth MTM Program: How to Get Started","Enrollment requirements in order to provide medication therapy management services to ForwardHealth members","Enrollment requirements in order to provide medication therapy management services to ForwardHealth members","http://help.docstation.co/en/articles/4677469-forwardhealth-mtm-program-how-to-get-started","http://help.docstation.co/en/articles/4677469-forwardhealth-mtm-program-how-to-get-started","1","0","4","0","7","0","","","https://help.docstation.co/en/articles/4677469-forwardhealth-mtm-program-how-to-get-started","https://help.docstation.co/en/articles/4677469-forwardhealth-mtm-program-how-to-get-started"
"https://help.docstation.co/en/articles/4169699-enabling-integrations","200","","372","372","0","0.000","Enabling Integrations | DocStation Help Center","Enabling Integrations | DocStation Help Center","Enabling Integrations","Enabling Integrations","How to verify, turn on or request to activate integrations, including pharmacy management systems and CPESN USA.","How to verify, turn on or request to activate integrations, including pharmacy management systems and CPESN USA.","http://help.docstation.co/en/articles/4169699-enabling-integrations","http://help.docstation.co/en/articles/4169699-enabling-integrations","1","0","3","0","3","0","","","https://help.docstation.co/en/articles/4169699-enabling-integrations","https://help.docstation.co/en/articles/4169699-enabling-integrations"
