﻿"Address","Occurrences","Meta Description 1","Meta Description 1 Length","Meta Description 1 Pixel Width","Indexability","Indexability Status"
"https://docstation.co/blog/meet-josh","1","An intervention for today's pharmacy: DocStation provides a platform for value-based care.","90","574","Indexable",""
"https://docstation.co/blog/meet-french","1","An intervention for today's pharmacy: DocStation provides a platform for value-based care.","90","574","Indexable",""
"https://docstation.co/blog/docstation-achieves-level-2-capability-for-pharmacist-ecare-plan","1","An intervention for today's pharmacy: DocStation provides a platform for value-based care.","90","574","Indexable",""
"https://docstation.co/legal/privacy-policy","1","An intervention for today's pharmacy: DocStation provides a platform for value-based care.","90","574","Indexable",""
"https://docstation.co/blog/meet-christine","1","An intervention for today's pharmacy: DocStation provides a platform for value-based care.","90","574","Indexable",""
"https://docstation.co/blog/docstation-partners-with-one-rx-to-combat-opioid-misuse-in-north-dakota","1","An intervention for today's pharmacy: DocStation provides a platform for value-based care.","90","574","Indexable",""
"https://docstation.co/blog/pharmacists-on-the-front-line","1","An intervention for today's pharmacy: DocStation provides a platform for value-based care.","90","574","Indexable",""
"https://docstation.co/features/clinical-intelligence","1","An intervention for today's pharmacy: DocStation provides a platform for value-based care.","90","574","Indexable",""
"https://docstation.co/blog/meet-john","1","An intervention for today's pharmacy: DocStation provides a platform for value-based care.","90","574","Indexable",""
"https://docstation.co/blog/meet-amanda","1","An intervention for today's pharmacy: DocStation provides a platform for value-based care.","90","574","Indexable",""
"https://docstation.co/company","1","An intervention for today's pharmacy: DocStation provides a platform for value-based care.","90","574","Indexable",""
"https://docstation.co/blog/the-pharmacist-ecare-plan","1","An intervention for today's pharmacy: DocStation provides a platform for value-based care.","90","574","Indexable",""
"https://docstation.co/blog/the-applications-of-blockchain-technology-in-healthcare","1","An intervention for today's pharmacy: DocStation provides a platform for value-based care.","90","574","Indexable",""
"https://docstation.co/legal/business-associate-agreement","1","An intervention for today's pharmacy: DocStation provides a platform for value-based care.","90","574","Indexable",""
"https://docstation.co/blog/why-pharmacist-provider-status-is-inevitable","1","An intervention for today's pharmacy: DocStation provides a platform for value-based care.","90","574","Indexable",""
"https://docstation.co/blog/docstation-released-to-pharmacy-innovators","1","An intervention for today's pharmacy: DocStation provides a platform for value-based care.","90","574","Indexable",""
"https://docstation.co/blog/what-the-new-cms-proposed-rule-means-for-mtm-programs-in-2021","1","An intervention for today's pharmacy: DocStation provides a platform for value-based care.","90","574","Indexable",""
"https://docstation.co/security","1","An intervention for today's pharmacy: DocStation provides a platform for value-based care.","90","574","Indexable",""
"https://docstation.co/blog/pharmacist-providers-an-untapped-healthcare-resource","1","An intervention for today's pharmacy: DocStation provides a platform for value-based care.","90","574","Indexable",""
"https://docstation.co/blog/staying-sane-while-working-remotely-tips-from-a-healthcare-company","1","An intervention for today's pharmacy: DocStation provides a platform for value-based care.","90","574","Indexable",""
"https://docstation.co/blog/3","1","An intervention for today's pharmacy: DocStation provides a platform for value-based care.","90","574","Indexable",""
"https://docstation.co/blog/2","1","An intervention for today's pharmacy: DocStation provides a platform for value-based care.","90","574","Indexable",""
"https://docstation.co/blog/lessons-from-the-road","1","An intervention for today's pharmacy: DocStation provides a platform for value-based care.","90","574","Indexable",""
"https://docstation.co/legal/responsible-disclosure","1","An intervention for today's pharmacy: DocStation provides a platform for value-based care.","90","574","Indexable",""
"https://docstation.co/features/billing-revenue","1","An intervention for today's pharmacy: DocStation provides a platform for value-based care.","90","574","Indexable",""
"https://docstation.co/blog/leveraging-technology-for-value-based-pharmacy-models","1","An intervention for today's pharmacy: DocStation provides a platform for value-based care.","90","574","Indexable",""
"https://docstation.co/","1","An intervention for today's pharmacy: DocStation provides a platform for value-based care.","90","574","Indexable",""
"https://docstation.co/blog/the-freecare-plan-for-pharmacists","1","An intervention for today's pharmacy: DocStation provides a platform for value-based care.","90","574","Indexable",""
"https://docstation.co/blog/wait-can-pharmacists-bill-for-the-coronavirus-test","1","An intervention for today's pharmacy: DocStation provides a platform for value-based care.","90","574","Indexable",""
"https://docstation.co/legal/terms-of-service","1","An intervention for today's pharmacy: DocStation provides a platform for value-based care.","90","574","Indexable",""
"https://docstation.co/blog","1","An intervention for today's pharmacy: DocStation provides a platform for value-based care.","90","574","Indexable",""
"https://docstation.co/blog/meet-chris","1","An intervention for today's pharmacy: DocStation provides a platform for value-based care.","90","574","Indexable",""
"https://docstation.co/solutions","1","An intervention for today's pharmacy: DocStation provides a platform for value-based care.","90","574","Indexable",""
"https://docstation.co/legal/add-on-terms","1","An intervention for today's pharmacy: DocStation provides a platform for value-based care.","90","574","Indexable",""
"https://docstation.co/blog/docstation-raises-3-1m-to-make-pharmacists-front-line-providers","1","An intervention for today's pharmacy: DocStation provides a platform for value-based care.","90","574","Indexable",""
"https://docstation.co/blog/meet-rishi","1","An intervention for today's pharmacy: DocStation provides a platform for value-based care.","90","574","Indexable",""
"https://docstation.co/solutions/employers","1","An intervention for today's pharmacy: DocStation provides a platform for value-based care.","90","574","Indexable",""
"https://docstation.co/solutions/medicare","1","An intervention for today's pharmacy: DocStation provides a platform for value-based care.","90","574","Indexable",""
"https://docstation.co/features/connectivity-integration","1","An intervention for today's pharmacy: DocStation provides a platform for value-based care.","90","574","Indexable",""
"https://docstation.co/blog/the-future-of-pharmacy-is-value-based-part-two","1","An intervention for today's pharmacy: DocStation provides a platform for value-based care.","90","574","Indexable",""
"https://docstation.co/features/patient-case-management","1","An intervention for today's pharmacy: DocStation provides a platform for value-based care.","90","574","Indexable",""
"https://docstation.co/blog/meet-samm","1","An intervention for today's pharmacy: DocStation provides a platform for value-based care.","90","574","Indexable",""
"https://docstation.co/solutions/medicaid","1","An intervention for today's pharmacy: DocStation provides a platform for value-based care.","90","574","Indexable",""
"https://docstation.co/features/value-based-pharmacy","1","An intervention for today's pharmacy: DocStation provides a platform for value-based care.","90","574","Indexable",""
"https://docstation.co/blog/meet-aubree","1","An intervention for today's pharmacy: DocStation provides a platform for value-based care.","90","574","Indexable",""
"https://docstation.co/solutions/health-plans","1","An intervention for today's pharmacy: DocStation provides a platform for value-based care.","90","574","Indexable",""
"https://docstation.co/blog/docstations-tour-de-pharmacies-2018","1","An intervention for today's pharmacy: DocStation provides a platform for value-based care.","90","574","Indexable",""
"https://docstation.co/blog/meet-simon","1","An intervention for today's pharmacy: DocStation provides a platform for value-based care.","90","574","Indexable",""
"https://docstation.co/solutions/pharmacies","1","An intervention for today's pharmacy: DocStation provides a platform for value-based care.","90","574","Indexable",""
"https://docstation.co/blog/meet-jeff","1","An intervention for today's pharmacy: DocStation provides a platform for value-based care.","90","574","Indexable",""
"https://docstation.co/blog/the-case-for-specialty-pharmacy-data-standards","1","An intervention for today's pharmacy: DocStation provides a platform for value-based care.","90","574","Indexable",""
"https://docstation.co/features","1","An intervention for today's pharmacy: DocStation provides a platform for value-based care.","90","574","Indexable",""
