﻿"Address","Occurrences","Meta Description 1","Meta Description 1 Length","Meta Description 1 Pixel Width","Indexability","Indexability Status"
"https://blackbird.docstation.co/?p=%2Flegal%2Fterms-of-service&h=https%3A%2F%2Fdocstation.co&r=&sid=HOTVIUAS&qs={}&cid=24497161","0","","0","0","Indexable",""
"https://docstation.co/blog/meet-josh","1","An intervention for today's pharmacy: DocStation provides a platform for value-based care.","90","574","Indexable",""
"https://status.docstation.co/history/250cfaab56e5","0","","0","0","Indexable",""
"https://blackbird.docstation.co/?p=%2Fsecurity&h=https%3A%2F%2Fdocstation.co&r=&sid=HOTVIUAS&qs={}&cid=87024426","0","","0","0","Indexable",""
"https://status.docstation.co/history/f52e74126367","0","","0","0","Indexable",""
"https://landing.docstation.co/notify-v2","1","Sign up to get started on DocStation.","37","235","Indexable",""
"https://help.docstation.co/en/articles/5374568-configuring-docstation-settings-for-claims-billing","1","","0","0","Non-Indexable","Canonicalised"
"https://docstation.co/blog/meet-french","1","An intervention for today's pharmacy: DocStation provides a platform for value-based care.","90","574","Indexable",""
"https://accounts.docstation.co/authorize?client_id=8rbCx1XV9cfU4XAQr5McVhVgJEiZh3KO&response_type=token%20id_token&response_mode=web_message&redirect_uri=https%3A%2F%2Fapp.docstation.co%2Fapi%2Faccount%2Fcallback&scope=openid%20profile%20email&state=KEEda4XW-gxpY9LdBaTneyW21u80Ntzl3UGE&nonce=fZNMClzhHk2oQFNfCr.v7MHhBiAG-j2b&prompt=none&auth0Client=eyJuYW1lIjoibG9jay5qcyIsInZlcnNpb24iOiIxMS4zMC4xIiwiZW52Ijp7ImF1dGgwLmpzIjoiOS4xNi4yIiwiYXV0aDAuanMtdWxwIjoiOS4xNi4yIn19","0","","0","0","Indexable",""
"https://docstation.co/blog/docstation-achieves-level-2-capability-for-pharmacist-ecare-plan","1","An intervention for today's pharmacy: DocStation provides a platform for value-based care.","90","574","Indexable",""
"https://help.docstation.co/en/articles/3828429-covid-19-assessment-task","1","The task workflow you're familiar with in support of COVID-19 education","71","456","Non-Indexable","Canonicalised"
"https://help.docstation.co/en/articles/5374573-how-to-bill-a-claim","1","How to create, submit, and track claims with your DocStation Claims & Billing subscription.","91","574","Non-Indexable","Canonicalised"
"https://help.docstation.co/en/articles/3063052-docstation-supported-browsers","1","Which browsers does DocStation support?","39","272","Non-Indexable","Canonicalised"
"https://help.docstation.co/en/articles/4490239-one-program-training","1","Learn more about the ONE Program, training, and DocStation support.","67","448","Non-Indexable","Canonicalised"
"https://docstation.co/legal/privacy-policy","1","An intervention for today's pharmacy: DocStation provides a platform for value-based care.","90","574","Indexable",""
"https://docstation.co/blog/meet-christine","1","An intervention for today's pharmacy: DocStation provides a platform for value-based care.","90","574","Indexable",""
"https://docstation.co/blog/docstation-partners-with-one-rx-to-combat-opioid-misuse-in-north-dakota","1","An intervention for today's pharmacy: DocStation provides a platform for value-based care.","90","574","Indexable",""
"https://docstation.co/blog/pharmacists-on-the-front-line","1","An intervention for today's pharmacy: DocStation provides a platform for value-based care.","90","574","Indexable",""
"https://help.docstation.co/en/articles/4684568-healthpartners-mtm-program-how-to-get-started","1","Enrollment requirements in order to provide medication therapy management services to HealthPartners members","108","722","Non-Indexable","Canonicalised"
"https://docstation.co/features/clinical-intelligence","1","An intervention for today's pharmacy: DocStation provides a platform for value-based care.","90","574","Indexable",""
"https://help.docstation.co/en/articles/3829025-covid-19-education-resources","1","Educational materials to provide your patients","46","290","Non-Indexable","Canonicalised"
"https://docstation.co/blog/meet-john","1","An intervention for today's pharmacy: DocStation provides a platform for value-based care.","90","574","Indexable",""
"https://docstation.co/blog/meet-amanda","1","An intervention for today's pharmacy: DocStation provides a platform for value-based care.","90","574","Indexable",""
"https://docstation.co/company","1","An intervention for today's pharmacy: DocStation provides a platform for value-based care.","90","574","Indexable",""
"https://docstation.co/blog/the-pharmacist-ecare-plan","1","An intervention for today's pharmacy: DocStation provides a platform for value-based care.","90","574","Indexable",""
"https://docstation.co/blog/the-applications-of-blockchain-technology-in-healthcare","1","An intervention for today's pharmacy: DocStation provides a platform for value-based care.","90","574","Indexable",""
"https://docstation.co/legal/business-associate-agreement","1","An intervention for today's pharmacy: DocStation provides a platform for value-based care.","90","574","Indexable",""
"https://docstation.co/blog/why-pharmacist-provider-status-is-inevitable","1","An intervention for today's pharmacy: DocStation provides a platform for value-based care.","90","574","Indexable",""
"https://docstation.co/blog/docstation-released-to-pharmacy-innovators","1","An intervention for today's pharmacy: DocStation provides a platform for value-based care.","90","574","Indexable",""
"https://status.docstation.co/history/c647b42eb351","0","","0","0","Indexable",""
"https://status.docstation.co/","0","","0","0","Indexable",""
"https://status.docstation.co/history/26c6874c2f40","0","","0","0","Indexable",""
"https://status.docstation.co/history","0","","0","0","Indexable",""
"https://blackbird.docstation.co/?p=%2F&h=https%3A%2F%2Fdocstation.co&r=&sid=HOTVIUAS&qs={}&cid=32098627","0","","0","0","Indexable",""
"https://blackbird.docstation.co/?p=%2Fsolutions%2Fhealth-plans&h=https%3A%2F%2Fdocstation.co&r=&sid=HOTVIUAS&qs={}&cid=51113981","0","","0","0","Indexable",""
"https://docstation.co/blog/what-the-new-cms-proposed-rule-means-for-mtm-programs-in-2021","1","An intervention for today's pharmacy: DocStation provides a platform for value-based care.","90","574","Indexable",""
"https://docstation.co/security","1","An intervention for today's pharmacy: DocStation provides a platform for value-based care.","90","574","Indexable",""
"https://help.docstation.co/en/articles/5076934-comprehensive-medication-review-task","1","A simple workflow to quickly document a CMR and produce Medicare-standard patient takeaways.","92","624","Non-Indexable","Canonicalised"
"https://help.docstation.co/en/collections/3067603-medical-billing","1","","0","0","Non-Indexable","Canonicalised"
"https://help.docstation.co/en/articles/3836244-covid-19-information","1","DocStation's plan, dashboard and patient list changes, and risk stratification pertaining to COVID-19.","102","638","Non-Indexable","Canonicalised"
"https://docstation.co/blog/pharmacist-providers-an-untapped-healthcare-resource","1","An intervention for today's pharmacy: DocStation provides a platform for value-based care.","90","574","Indexable",""
"https://app.docstation.co/login","1","DocStation is a cloud-based patient care platform for pharmacists. Easily provide value-based care for your patients.","117","738","Indexable",""
"https://docstation.co/blog/staying-sane-while-working-remotely-tips-from-a-healthcare-company","1","An intervention for today's pharmacy: DocStation provides a platform for value-based care.","90","574","Indexable",""
"https://help.docstation.co/en/","1","","0","0","Non-Indexable","Canonicalised"
"https://help.docstation.co/en/collections/1838431-docstation-payment-programs","1","Improve -- and get paid for -- your clinical programs with DocStation","69","429","Non-Indexable","Canonicalised"
"https://docstation.co/blog/3","1","An intervention for today's pharmacy: DocStation provides a platform for value-based care.","90","574","Indexable",""
"https://docstation.co/blog/2","1","An intervention for today's pharmacy: DocStation provides a platform for value-based care.","90","574","Indexable",""
"https://docstation.co/blog/lessons-from-the-road","1","An intervention for today's pharmacy: DocStation provides a platform for value-based care.","90","574","Indexable",""
"https://docstation.co/legal/responsible-disclosure","1","An intervention for today's pharmacy: DocStation provides a platform for value-based care.","90","574","Indexable",""
"https://blackbird.docstation.co/?p=%2Fsolutions%2Fhealth-plans&h=https%3A%2F%2Fdocstation.co&r=&sid=HOTVIUAS&qs={}&cid=45994053","0","","0","0","Indexable",""
"https://help.docstation.co/en/articles/6177671-diabetes-eye-exam-assessment","1","","0","0","Non-Indexable","Canonicalised"
"https://docstation.co/features/billing-revenue","1","An intervention for today's pharmacy: DocStation provides a platform for value-based care.","90","574","Indexable",""
"https://help.docstation.co/en/collections/1838427-account-management","1","Access manage your DocStation organization","42","289","Non-Indexable","Canonicalised"
"https://help.docstation.co/en/articles/3094122-login-access-expired","1","How to get access to your pharmacy dashboard after your initial account confirmation email expires.","99","633","Non-Indexable","Canonicalised"
"https://docstation.co/blog/leveraging-technology-for-value-based-pharmacy-models","1","An intervention for today's pharmacy: DocStation provides a platform for value-based care.","90","574","Indexable",""
"https://docstation.co/","1","An intervention for today's pharmacy: DocStation provides a platform for value-based care.","90","574","Indexable",""
"https://status.docstation.co/history/92ccb529d9ff","0","","0","0","Indexable",""
"https://docstation.co/blog/the-freecare-plan-for-pharmacists","1","An intervention for today's pharmacy: DocStation provides a platform for value-based care.","90","574","Indexable",""
"https://docstation.co/blog/wait-can-pharmacists-bill-for-the-coronavirus-test","1","An intervention for today's pharmacy: DocStation provides a platform for value-based care.","90","574","Indexable",""
"https://docstation.co/legal/terms-of-service","1","An intervention for today's pharmacy: DocStation provides a platform for value-based care.","90","574","Indexable",""
"https://help.docstation.co/en/collections/1609111-docstation-tasks","1","Tips for working efficiently in DocStation","42","256","Non-Indexable","Canonicalised"
"https://help.docstation.co/en/articles/5076940-getting-started-with-claims-and-billing","1","A quick tutorial on how to get started with DocStation's Claims and Billing Subscription.","89","550","Non-Indexable","Canonicalised"
"https://help.docstation.co/en/articles/4151492-importing-a-csv-file","1","Learn how to import multiple patients using a CSV file","54","339","Non-Indexable","Canonicalised"
"https://docstation.co/blog","1","An intervention for today's pharmacy: DocStation provides a platform for value-based care.","90","574","Indexable",""
"https://status.docstation.co/history/339a6d9fa538","0","","0","0","Indexable",""
"https://docstation.co/blog/meet-chris","1","An intervention for today's pharmacy: DocStation provides a platform for value-based care.","90","574","Indexable",""
"https://docstation.co/solutions","1","An intervention for today's pharmacy: DocStation provides a platform for value-based care.","90","574","Indexable",""
"https://blackbird.docstation.co/?p=%2Fcompany&h=https%3A%2F%2Fdocstation.co&r=&sid=HOTVIUAS&qs={}&cid=8491885","0","","0","0","Indexable",""
"https://help.docstation.co/en/articles/4381072-north-dakota-medicaid-mtm-program","1","Details about the North Dakota Medicaid MTM Program","51","354","Non-Indexable","Canonicalised"
"https://help.docstation.co/en/articles/3063067-add-a-new-team-member-user","1","How to add new users to your DocStation dashboard","49","337","Non-Indexable","Canonicalised"
"https://docstation.co/legal/add-on-terms","1","An intervention for today's pharmacy: DocStation provides a platform for value-based care.","90","574","Indexable",""
"https://docstation.co/blog/docstation-raises-3-1m-to-make-pharmacists-front-line-providers","1","An intervention for today's pharmacy: DocStation provides a platform for value-based care.","90","574","Indexable",""
"https://help.docstation.co/en/articles/3028288-training-for-new-users","1","Provide the tools your users need to address tasks in DocStation","64","413","Non-Indexable","Canonicalised"
"https://docstation.co/blog/meet-rishi","1","An intervention for today's pharmacy: DocStation provides a platform for value-based care.","90","574","Indexable",""
"https://docstation.co/solutions/employers","1","An intervention for today's pharmacy: DocStation provides a platform for value-based care.","90","574","Indexable",""
"https://docstation.co/solutions/medicare","1","An intervention for today's pharmacy: DocStation provides a platform for value-based care.","90","574","Indexable",""
"https://docstation.co/features/connectivity-integration","1","An intervention for today's pharmacy: DocStation provides a platform for value-based care.","90","574","Indexable",""
"https://help.docstation.co/en/collections/2222973-covid-19-resources","1","Learn how DocStation is supporting pharmacies on the front lines","64","415","Non-Indexable","Canonicalised"
"https://help.docstation.co/en/articles/3472434-pharmacy-innovators-meetings-and-community-resources","1","Links to recorded monthly meetings, presentation slides, and other community resources!","87","566","Non-Indexable","Canonicalised"
"https://blackbird.docstation.co/?p=%2F&h=https%3A%2F%2Fdocstation.co&r=&sid=HOTVIUAS&qs={}&cid=2348002","0","","0","0","Indexable",""
"https://help.docstation.co/en/articles/3063073-how-to-sign-up-for-docstation","1","","0","0","Non-Indexable","Canonicalised"
"https://docstation.co/blog/the-future-of-pharmacy-is-value-based-part-two","1","An intervention for today's pharmacy: DocStation provides a platform for value-based care.","90","574","Indexable",""
"https://docstation.co/features/patient-case-management","1","An intervention for today's pharmacy: DocStation provides a platform for value-based care.","90","574","Indexable",""
"https://docstation.co/blog/meet-samm","1","An intervention for today's pharmacy: DocStation provides a platform for value-based care.","90","574","Indexable",""
"https://help.docstation.co/en/articles/3636468-pharmacist-ecare-plans","1","How to create and submit eCare Plans","36","246","Non-Indexable","Canonicalised"
"https://docstation.co/solutions/medicaid","1","An intervention for today's pharmacy: DocStation provides a platform for value-based care.","90","574","Indexable",""
"https://docstation.co/features/value-based-pharmacy","1","An intervention for today's pharmacy: DocStation provides a platform for value-based care.","90","574","Indexable",""
"https://docstation.co/blog/meet-aubree","1","An intervention for today's pharmacy: DocStation provides a platform for value-based care.","90","574","Indexable",""
"https://help.docstation.co/en/articles/5359885-one-program-screening-follow-up-task","1","All the info on the technician-focused follow up to the ONE Program Screening","77","498","Non-Indexable","Canonicalised"
"https://help.docstation.co/en/articles/4499211-single-sign-on-sso-for-enterprise-accounts","1","How SSO works and what to do when you have it.","46","319","Non-Indexable","Canonicalised"
"https://help.docstation.co/en/articles/5168263-north-dakota-one-program-details","1","Everything you need to know about participating in DocStation's ND ONE Program.","79","528","Non-Indexable","Canonicalised"
"https://help.docstation.co/en/collections/2461790-getting-started-with-docstation","1","The best place to start to learn all about your new DocStation dashboard","72","462","Non-Indexable","Canonicalised"
"https://docstation.co/solutions/health-plans","1","An intervention for today's pharmacy: DocStation provides a platform for value-based care.","90","574","Indexable",""
"https://docstation.co/blog/docstations-tour-de-pharmacies-2018","1","An intervention for today's pharmacy: DocStation provides a platform for value-based care.","90","574","Indexable",""
"https://help.docstation.co/en/articles/3063063-how-to-change-or-reset-your-password","1","","0","0","Non-Indexable","Canonicalised"
"https://docstation.co/blog/meet-simon","1","An intervention for today's pharmacy: DocStation provides a platform for value-based care.","90","574","Indexable",""
"https://help.docstation.co/en/articles/3028259-pharmacy-technicians-and-students","1","Who can access and work on tasks in DocStation?","47","323","Non-Indexable","Canonicalised"
"https://docstation.co/solutions/pharmacies","1","An intervention for today's pharmacy: DocStation provides a platform for value-based care.","90","574","Indexable",""
"https://docstation.co/blog/meet-jeff","1","An intervention for today's pharmacy: DocStation provides a platform for value-based care.","90","574","Indexable",""
"https://blackbird.docstation.co/?p=%2Ffeatures%2Fbilling-revenue&h=https%3A%2F%2Fdocstation.co&r=&sid=HOTVIUAS&qs={}&cid=69901883","0","","0","0","Indexable",""
"https://docstation.co/blog/the-case-for-specialty-pharmacy-data-standards","1","An intervention for today's pharmacy: DocStation provides a platform for value-based care.","90","574","Indexable",""
"https://landing.docstation.co/notify","1","Sign up to get started using DocStation. Improve the lives of patients and demonstrate your value as a care provider with DocStation.","133","844","Indexable",""
"https://help.docstation.co/en/articles/4677317-north-dakota-medicaid-mtm-program-how-to-get-started","1","Enrollment requirements in order to provide medication therapy management services to ND Medicaid members","105","708","Non-Indexable","Canonicalised"
"https://docstation.co/features","1","An intervention for today's pharmacy: DocStation provides a platform for value-based care.","90","574","Indexable",""
"https://help.docstation.co/en/articles/4677469-forwardhealth-mtm-program-how-to-get-started","1","Enrollment requirements in order to provide medication therapy management services to ForwardHealth members","107","720","Non-Indexable","Canonicalised"
"https://help.docstation.co/en/articles/4169699-enabling-integrations","1","How to verify, turn on or request to activate integrations, including pharmacy management systems and CPESN USA.","112","745","Non-Indexable","Canonicalised"
