﻿"Address","Occurrences","Title 1","Title 1 Length","Title 1 Pixel Width","Indexability","Indexability Status"
"https://blackbird.docstation.co/?p=%2Flegal%2Fterms-of-service&h=https%3A%2F%2Fdocstation.co&r=&sid=HOTVIUAS&qs={}&cid=24497161","0","","0","0","Indexable",""
"https://blackbird.docstation.co/?p=%2Fsecurity&h=https%3A%2F%2Fdocstation.co&r=&sid=HOTVIUAS&qs={}&cid=87024426","0","","0","0","Indexable",""
"https://blackbird.docstation.co/?p=%2F&h=https%3A%2F%2Fdocstation.co&r=&sid=HOTVIUAS&qs={}&cid=32098627","0","","0","0","Indexable",""
"https://blackbird.docstation.co/?p=%2Fsolutions%2Fhealth-plans&h=https%3A%2F%2Fdocstation.co&r=&sid=HOTVIUAS&qs={}&cid=51113981","0","","0","0","Indexable",""
"https://blackbird.docstation.co/?p=%2Fsolutions%2Fhealth-plans&h=https%3A%2F%2Fdocstation.co&r=&sid=HOTVIUAS&qs={}&cid=45994053","0","","0","0","Indexable",""
"https://blackbird.docstation.co/?p=%2Fcompany&h=https%3A%2F%2Fdocstation.co&r=&sid=HOTVIUAS&qs={}&cid=8491885","0","","0","0","Indexable",""
"https://blackbird.docstation.co/?p=%2F&h=https%3A%2F%2Fdocstation.co&r=&sid=HOTVIUAS&qs={}&cid=2348002","0","","0","0","Indexable",""
"https://blackbird.docstation.co/?p=%2Ffeatures%2Fbilling-revenue&h=https%3A%2F%2Fdocstation.co&r=&sid=HOTVIUAS&qs={}&cid=69901883","0","","0","0","Indexable",""
