﻿"Address","Occurrences","Title 1","Title 1 Length","Title 1 Pixel Width","Indexability","Indexability Status"
"https://status.docstation.co/history/250cfaab56e5","1","DocStation - System status","26","245","Indexable",""
"https://status.docstation.co/history/f52e74126367","1","DocStation - System status","26","245","Indexable",""
"https://status.docstation.co/history/c647b42eb351","1","DocStation - System status","26","245","Indexable",""
"https://status.docstation.co/","1","DocStation - System status","26","245","Indexable",""
"https://status.docstation.co/history/26c6874c2f40","1","DocStation - System status","26","245","Indexable",""
"https://status.docstation.co/history","1","DocStation - System status","26","245","Indexable",""
"https://docstation.co/blog/3","1","The Pharmacy Standard | Care with DocStation","44","424","Indexable",""
"https://docstation.co/blog/2","1","The Pharmacy Standard | Care with DocStation","44","424","Indexable",""
"https://status.docstation.co/history/92ccb529d9ff","1","DocStation - System status","26","245","Indexable",""
"https://docstation.co/blog","1","The Pharmacy Standard | Care with DocStation","44","424","Indexable",""
"https://status.docstation.co/history/339a6d9fa538","1","DocStation - System status","26","245","Indexable",""
"https://landing.docstation.co/notify-v2","1","DocStation | Sign Up","20","187","Indexable",""
"https://landing.docstation.co/notify","1","DocStation | Sign Up","20","187","Indexable",""
