﻿"Address","Occurrences","Title 1","Title 1 Length","Title 1 Pixel Width","Indexability","Indexability Status"
"https://blackbird.docstation.co/?p=%2Flegal%2Fterms-of-service&h=https%3A%2F%2Fdocstation.co&r=&sid=HOTVIUAS&qs={}&cid=24497161","0","","0","0","Indexable",""
"https://docstation.co/blog/meet-josh","1","Meet Josh! | Care with DocStation","33","306","Indexable",""
"https://status.docstation.co/history/250cfaab56e5","1","DocStation - System status","26","245","Indexable",""
"https://blackbird.docstation.co/?p=%2Fsecurity&h=https%3A%2F%2Fdocstation.co&r=&sid=HOTVIUAS&qs={}&cid=87024426","0","","0","0","Indexable",""
"https://status.docstation.co/history/f52e74126367","1","DocStation - System status","26","245","Indexable",""
"https://landing.docstation.co/notify-v2","1","DocStation | Sign Up","20","187","Indexable",""
"https://help.docstation.co/en/articles/5374568-configuring-docstation-settings-for-claims-billing","1","Configuring DocStation Settings for Claims Billing | DocStation Help Center","75","674","Non-Indexable","Canonicalised"
"https://docstation.co/blog/meet-french","1","Meet French! | Care with DocStation","35","326","Indexable",""
"https://accounts.docstation.co/authorize?client_id=8rbCx1XV9cfU4XAQr5McVhVgJEiZh3KO&response_type=token%20id_token&response_mode=web_message&redirect_uri=https%3A%2F%2Fapp.docstation.co%2Fapi%2Faccount%2Fcallback&scope=openid%20profile%20email&state=KEEda4XW-gxpY9LdBaTneyW21u80Ntzl3UGE&nonce=fZNMClzhHk2oQFNfCr.v7MHhBiAG-j2b&prompt=none&auth0Client=eyJuYW1lIjoibG9jay5qcyIsInZlcnNpb24iOiIxMS4zMC4xIiwiZW52Ijp7ImF1dGgwLmpzIjoiOS4xNi4yIiwiYXV0aDAuanMtdWxwIjoiOS4xNi4yIn19","1","Authorization Response","22","214","Indexable",""
"https://docstation.co/blog/docstation-achieves-level-2-capability-for-pharmacist-ecare-plan","1","DocStation achieves Level 2 capability for Pharmacist eCare Plan | Care with DocStation","87","794","Indexable",""
"https://help.docstation.co/en/articles/3828429-covid-19-assessment-task","1","COVID-19 Assessment Task | DocStation Help Center","49","486","Non-Indexable","Canonicalised"
"https://help.docstation.co/en/articles/5374573-how-to-bill-a-claim","1","How to bill a Claim | DocStation Help Center","44","398","Non-Indexable","Canonicalised"
"https://help.docstation.co/en/articles/3063052-docstation-supported-browsers","1","DocStation Supported Browsers | DocStation Help Center","54","516","Non-Indexable","Canonicalised"
"https://help.docstation.co/en/articles/4490239-one-program-training","1","ONE Program Training | DocStation Help Center","45","432","Non-Indexable","Canonicalised"
"https://docstation.co/legal/privacy-policy","1","Privacy Policy | Care with DocStation","37","331","Indexable",""
"https://docstation.co/blog/meet-christine","1","Meet Christine! | Care with DocStation","38","343","Indexable",""
"https://docstation.co/blog/docstation-partners-with-one-rx-to-combat-opioid-misuse-in-north-dakota","1","DocStation Partners with ONE Rx To Combat Opioid Misuse in North Dakota | Care with DocStation","94","892","Indexable",""
"https://docstation.co/blog/pharmacists-on-the-front-line","1","Front-Line Pharmacists | Care with DocStation","45","416","Indexable",""
"https://help.docstation.co/en/articles/4684568-healthpartners-mtm-program-how-to-get-started","1","HealthPartners MTM Program: How to Get Started | DocStation Help Center","71","678","Non-Indexable","Canonicalised"
"https://docstation.co/features/clinical-intelligence","1","Clinical Intelligence | Care with DocStation","44","381","Indexable",""
"https://help.docstation.co/en/articles/3829025-covid-19-education-resources","1","COVID-19 Education Resources | DocStation Help Center","53","518","Non-Indexable","Canonicalised"
"https://docstation.co/blog/meet-john","1","Meet John! | Care with DocStation","33","307","Indexable",""
"https://docstation.co/blog/meet-amanda","1","Meet Amanda! | Care with DocStation","35","339","Indexable",""
"https://docstation.co/company","1","Our Company | Care with DocStation","34","331","Indexable",""
"https://docstation.co/blog/the-pharmacist-ecare-plan","1","The Pharmacist eCare Plan | Care with DocStation","48","454","Indexable",""
"https://docstation.co/blog/the-applications-of-blockchain-technology-in-healthcare","1","The Applications of Blockchain Technology in Healthcare | Care with DocStation","78","717","Indexable",""
"https://docstation.co/legal/business-associate-agreement","1","Business Associate Agreement | Care with DocStation","51","489","Indexable",""
"https://docstation.co/blog/why-pharmacist-provider-status-is-inevitable","1","Provider Status is Inevitable | Care with DocStation","52","454","Indexable",""
"https://docstation.co/blog/docstation-released-to-pharmacy-innovators","1","DocStation released to Pharmacy Innovators | Care with DocStation","65","606","Indexable",""
"https://status.docstation.co/history/c647b42eb351","1","DocStation - System status","26","245","Indexable",""
"https://status.docstation.co/","1","DocStation - System status","26","245","Indexable",""
"https://status.docstation.co/history/26c6874c2f40","1","DocStation - System status","26","245","Indexable",""
"https://status.docstation.co/history","1","DocStation - System status","26","245","Indexable",""
"https://blackbird.docstation.co/?p=%2F&h=https%3A%2F%2Fdocstation.co&r=&sid=HOTVIUAS&qs={}&cid=32098627","0","","0","0","Indexable",""
"https://blackbird.docstation.co/?p=%2Fsolutions%2Fhealth-plans&h=https%3A%2F%2Fdocstation.co&r=&sid=HOTVIUAS&qs={}&cid=51113981","0","","0","0","Indexable",""
"https://docstation.co/blog/what-the-new-cms-proposed-rule-means-for-mtm-programs-in-2021","1","What the New CMS Proposed Rule Means for MTM Programs in 2021 | Care with DocStation","84","836","Indexable",""
"https://docstation.co/security","1","Security | Care with DocStation","31","279","Indexable",""
"https://help.docstation.co/en/articles/5076934-comprehensive-medication-review-task","1","Comprehensive Medication Review Task | DocStation Help Center","61","593","Non-Indexable","Canonicalised"
"https://help.docstation.co/en/collections/3067603-medical-billing","1","Medical Billing | DocStation Help Center","40","359","Non-Indexable","Canonicalised"
"https://help.docstation.co/en/articles/3836244-covid-19-information","1","COVID-19 Information | DocStation Help Center","45","426","Non-Indexable","Canonicalised"
"https://docstation.co/blog/pharmacist-providers-an-untapped-healthcare-resource","1","Pharmacist Providers: An Untapped Resource | Care with DocStation","65","619","Indexable",""
"https://app.docstation.co/login","1","Sign in to DocStation - DocStation","34","306","Indexable",""
"https://docstation.co/blog/staying-sane-while-working-remotely-tips-from-a-healthcare-company","1","Staying sane while working remotely, tips from a Healthcare company | Care with DocStation","90","833","Indexable",""
"https://help.docstation.co/en/","1","DocStation Help Center","22","212","Non-Indexable","Canonicalised"
"https://help.docstation.co/en/collections/1838431-docstation-payment-programs","1","DocStation Payment Programs | DocStation Help Center","52","506","Non-Indexable","Canonicalised"
"https://docstation.co/blog/3","1","The Pharmacy Standard | Care with DocStation","44","424","Indexable",""
"https://docstation.co/blog/2","1","The Pharmacy Standard | Care with DocStation","44","424","Indexable",""
"https://docstation.co/blog/lessons-from-the-road","1","Lessons from the Road | Care with DocStation","44","416","Indexable",""
"https://docstation.co/legal/responsible-disclosure","1","Responsible Disclosure | Care with DocStation","45","419","Indexable",""
"https://blackbird.docstation.co/?p=%2Fsolutions%2Fhealth-plans&h=https%3A%2F%2Fdocstation.co&r=&sid=HOTVIUAS&qs={}&cid=45994053","0","","0","0","Indexable",""
"https://help.docstation.co/en/articles/6177671-diabetes-eye-exam-assessment","1","Diabetes Eye Exam Assessment | DocStation Help Center","53","522","Non-Indexable","Canonicalised"
"https://docstation.co/features/billing-revenue","1","Billing & Revenue | Care with DocStation","40","366","Indexable",""
"https://help.docstation.co/en/collections/1838427-account-management","1","Account Management | DocStation Help Center","43","426","Non-Indexable","Canonicalised"
"https://help.docstation.co/en/articles/3094122-login-access-expired","1","Login Access Expired | DocStation Help Center","45","422","Non-Indexable","Canonicalised"
"https://docstation.co/blog/leveraging-technology-for-value-based-pharmacy-models","1","Leveraging Technology for Value-Based Pharmacy Models | Care with DocStation","76","732","Indexable",""
"https://docstation.co/","1","Home | Care with DocStation","27","261","Indexable",""
"https://status.docstation.co/history/92ccb529d9ff","1","DocStation - System status","26","245","Indexable",""
"https://docstation.co/blog/the-freecare-plan-for-pharmacists","1","The freeCare Plan for Pharmacists | Care with DocStation","56","517","Indexable",""
"https://docstation.co/blog/wait-can-pharmacists-bill-for-the-coronavirus-test","1","Wait — Can Pharmacists Bill for the Coronavirus Test? | Care with DocStation","76","691","Indexable",""
"https://docstation.co/legal/terms-of-service","1","Terms of Service | Care with DocStation","39","358","Indexable",""
"https://help.docstation.co/en/collections/1609111-docstation-tasks","1","DocStation Tasks | DocStation Help Center","41","386","Non-Indexable","Canonicalised"
"https://help.docstation.co/en/articles/5076940-getting-started-with-claims-and-billing","1","Getting Started with Claims and Billing | DocStation Help Center","64","574","Non-Indexable","Canonicalised"
"https://help.docstation.co/en/articles/4151492-importing-a-csv-file","1","Importing a CSV File | DocStation Help Center","45","414","Non-Indexable","Canonicalised"
"https://docstation.co/blog","1","The Pharmacy Standard | Care with DocStation","44","424","Indexable",""
"https://status.docstation.co/history/339a6d9fa538","1","DocStation - System status","26","245","Indexable",""
"https://docstation.co/blog/meet-chris","1","Meet Chris! | Care with DocStation","34","310","Indexable",""
"https://docstation.co/solutions","1","Solutions | Care with DocStation","32","290","Indexable",""
"https://blackbird.docstation.co/?p=%2Fcompany&h=https%3A%2F%2Fdocstation.co&r=&sid=HOTVIUAS&qs={}&cid=8491885","0","","0","0","Indexable",""
"https://help.docstation.co/en/articles/4381072-north-dakota-medicaid-mtm-program","1","North Dakota Medicaid MTM Program | DocStation Help Center","58","567","Non-Indexable","Canonicalised"
"https://help.docstation.co/en/articles/3063067-add-a-new-team-member-user","1","Add a new team member / user | DocStation Help Center","53","512","Non-Indexable","Canonicalised"
"https://docstation.co/legal/add-on-terms","1","Add-On Service Terms and Conditions | Care with DocStation","58","550","Indexable",""
"https://docstation.co/blog/docstation-raises-3-1m-to-make-pharmacists-front-line-providers","1","DocStation Raises $3.1M To Make Pharmacists Front-Line Providers | Care with DocStation","87","823","Indexable",""
"https://help.docstation.co/en/articles/3028288-training-for-new-users","1","Training for New Users | DocStation Help Center","47","434","Non-Indexable","Canonicalised"
"https://docstation.co/blog/meet-rishi","1","Meet Rishi! | Care with DocStation","34","309","Indexable",""
"https://docstation.co/solutions/employers","1","Employers | Care with DocStation","32","302","Indexable",""
"https://docstation.co/solutions/medicare","1","Medicare | Care with DocStation","31","290","Indexable",""
"https://docstation.co/features/connectivity-integration","1","Technology Integrations | Care with DocStation","46","420","Indexable",""
"https://help.docstation.co/en/collections/2222973-covid-19-resources","1","COVID-19 Resources | DocStation Help Center","43","422","Non-Indexable","Canonicalised"
"https://help.docstation.co/en/articles/3472434-pharmacy-innovators-meetings-and-community-resources","1","Pharmacy Innovators Meetings and Community Resources | DocStation Help Center","77","755","Non-Indexable","Canonicalised"
"https://blackbird.docstation.co/?p=%2F&h=https%3A%2F%2Fdocstation.co&r=&sid=HOTVIUAS&qs={}&cid=2348002","0","","0","0","Indexable",""
"https://help.docstation.co/en/articles/3063073-how-to-sign-up-for-docstation","1","How to sign up for DocStation | DocStation Help Center","54","496","Non-Indexable","Canonicalised"
"https://docstation.co/blog/the-future-of-pharmacy-is-value-based-part-two","1","The Future of Pharmacy is Value-Based, Part Two | Care with DocStation","70","656","Indexable",""
"https://docstation.co/features/patient-case-management","1","Patient & Case Management | Care with DocStation","48","466","Indexable",""
"https://docstation.co/blog/meet-samm","1","Meet Samm! | Care with DocStation","33","323","Indexable",""
"https://help.docstation.co/en/articles/3636468-pharmacist-ecare-plans","1","Pharmacist eCare Plans | DocStation Help Center","47","447","Non-Indexable","Canonicalised"
"https://docstation.co/solutions/medicaid","1","Medicaid | Care with DocStation","31","288","Indexable",""
"https://docstation.co/features/value-based-pharmacy","1","Value-based pharmacy | Care with DocStation","43","414","Indexable",""
"https://docstation.co/blog/meet-aubree","1","Meet Aubree! | Care with DocStation","35","328","Indexable",""
"https://help.docstation.co/en/articles/5359885-one-program-screening-follow-up-task","1","ONE Program Screening Follow Up Task | DocStation Help Center","61","596","Non-Indexable","Canonicalised"
"https://help.docstation.co/en/articles/4499211-single-sign-on-sso-for-enterprise-accounts","1","Single Sign On (SSO) for Enterprise Accounts | DocStation Help Center","69","640","Non-Indexable","Canonicalised"
"https://help.docstation.co/en/articles/5168263-north-dakota-one-program-details","1","North Dakota ONE Program Details | DocStation Help Center","57","546","Non-Indexable","Canonicalised"
"https://help.docstation.co/en/collections/2461790-getting-started-with-docstation","1","Getting Started with DocStation | DocStation Help Center","56","510","Non-Indexable","Canonicalised"
"https://docstation.co/solutions/health-plans","1","Health Plans | Care with DocStation","35","322","Indexable",""
"https://docstation.co/blog/docstations-tour-de-pharmacies-2018","1","DocStation’s Tour de Pharmacies 2018 | Care with DocStation","59","558","Indexable",""
"https://help.docstation.co/en/articles/3063063-how-to-change-or-reset-your-password","1","How to change or reset your password | DocStation Help Center","61","574","Non-Indexable","Canonicalised"
"https://docstation.co/blog/meet-simon","1","Meet Simon! | Care with DocStation","34","322","Indexable",""
"https://help.docstation.co/en/articles/3028259-pharmacy-technicians-and-students","1","Pharmacy Technicians and Students | DocStation Help Center","58","558","Non-Indexable","Canonicalised"
"https://docstation.co/solutions/pharmacies","1","Pharmacies | Care with DocStation","33","314","Indexable",""
"https://docstation.co/blog/meet-jeff","1","Meet Jeff! | Care with DocStation","33","296","Indexable",""
"https://blackbird.docstation.co/?p=%2Ffeatures%2Fbilling-revenue&h=https%3A%2F%2Fdocstation.co&r=&sid=HOTVIUAS&qs={}&cid=69901883","0","","0","0","Indexable",""
"https://docstation.co/blog/the-case-for-specialty-pharmacy-data-standards","1","The Power of Specialty Pharmacy Data | Care with DocStation","59","558","Indexable",""
"https://landing.docstation.co/notify","1","DocStation | Sign Up","20","187","Indexable",""
"https://help.docstation.co/en/articles/4677317-north-dakota-medicaid-mtm-program-how-to-get-started","1","North Dakota Medicaid MTM Program: How to Get Started | DocStation Help Center","78","750","Non-Indexable","Canonicalised"
"https://docstation.co/features","1","Features | Care with DocStation","31","286","Indexable",""
"https://help.docstation.co/en/articles/4677469-forwardhealth-mtm-program-how-to-get-started","1","ForwardHealth MTM Program: How to Get Started | DocStation Help Center","70","676","Non-Indexable","Canonicalised"
"https://help.docstation.co/en/articles/4169699-enabling-integrations","1","Enabling Integrations | DocStation Help Center","46","418","Non-Indexable","Canonicalised"
