﻿"Address","Status Code","Title 1","Indexability","Indexability Status"
"https://blackbird.docstation.co/?p=%2Flegal%2Fterms-of-service&h=https%3A%2F%2Fdocstation.co&r=&sid=HOTVIUAS&qs={}&cid=24497161","200","","Indexable",""
"https://blackbird.docstation.co/?p=%2Fblog%2Fthe-future-of-pharmacy-is-value-based-part-two&h=https%3A%2F%2Fdocstation.co&r=&sid=HOTVIUAS&qs={}&cid=2260530","403","","Non-Indexable","Client Error"
"https://docstation.co/blog/meet-josh","200","Meet Josh! | Care with DocStation","Indexable",""
"https://status.docstation.co/history/250cfaab56e5","200","DocStation - System status","Indexable",""
"https://blackbird.docstation.co/?p=%2Fsecurity&h=https%3A%2F%2Fdocstation.co&r=&sid=HOTVIUAS&qs={}&cid=87024426","200","","Indexable",""
"https://blackbird.docstation.co/?p=%2Flegal%2Fprivacy-policy&h=https%3A%2F%2Fdocstation.co&r=&sid=HOTVIUAS&qs={}&cid=77466418","403","","Non-Indexable","Client Error"
"https://blackbird.docstation.co/?p=%2Flegal%2Fterms-of-service&h=https%3A%2F%2Fdocstation.co&r=&sid=HOTVIUAS&qs={}&cid=53953065","403","","Non-Indexable","Client Error"
"https://help.docstation.co/","302","","Non-Indexable","Redirected"
"https://blackbird.docstation.co/?p=%2Fblog%2Flessons-from-the-road&h=https%3A%2F%2Fdocstation.co&r=&sid=HOTVIUAS&qs={}&cid=85281724","403","","Non-Indexable","Client Error"
"https://blackbird.docstation.co/?p=%2Fblog%2Fthe-pharmacist-ecare-plan&h=https%3A%2F%2Fdocstation.co&r=&sid=HOTVIUAS&qs={}&cid=99442131","403","","Non-Indexable","Client Error"
"https://blackbird.docstation.co/?p=%2Flegal%2Fadd-on-terms&h=https%3A%2F%2Fdocstation.co&r=&sid=HOTVIUAS&qs={}&cid=90615262","403","","Non-Indexable","Client Error"
"https://blackbird.docstation.co/?p=%2Fblog%2Fstaying-sane-while-working-remotely-tips-from-a-healthcare-company&h=https%3A%2F%2Fdocstation.co&r=&sid=HOTVIUAS&qs={}&cid=36006220","403","","Non-Indexable","Client Error"
"https://blackbird.docstation.co/?p=%2Fsolutions&h=https%3A%2F%2Fdocstation.co&r=&sid=HOTVIUAS&qs={}&cid=72433086","403","","Non-Indexable","Client Error"
"https://status.docstation.co/history/f52e74126367","200","DocStation - System status","Indexable",""
"https://landing.docstation.co/notify-v2","200","DocStation | Sign Up","Indexable",""
"http://help.docstation.co/en/collections/1609111-docstation-tasks","301","","Non-Indexable","Redirected"
"https://blackbird.docstation.co/?p=%2Fblog%2Fwhat-the-new-cms-proposed-rule-means-for-mtm-programs-in-2021&h=https%3A%2F%2Fdocstation.co&r=&sid=HOTVIUAS&qs={}&cid=95834128","403","","Non-Indexable","Client Error"
"https://blackbird.docstation.co/?p=%2Fblog%2Fmeet-amanda&h=https%3A%2F%2Fdocstation.co&r=&sid=HOTVIUAS&qs={}&cid=56694463","403","","Non-Indexable","Client Error"
"https://blackbird.docstation.co/?p=%2Flegal%2Fbusiness-associate-agreement&h=https%3A%2F%2Fdocstation.co&r=&sid=HOTVIUAS&qs={}&cid=56371462","403","","Non-Indexable","Client Error"
"https://blackbird.docstation.co/?p=%2Fblog%2F3&h=https%3A%2F%2Fdocstation.co&r=&sid=HOTVIUAS&qs={}&cid=21032372","403","","Non-Indexable","Client Error"
"https://help.docstation.co/en/articles/5374568-configuring-docstation-settings-for-claims-billing","200","Configuring DocStation Settings for Claims Billing | DocStation Help Center","Non-Indexable","Canonicalised"
"https://docstation.co/legal/integration-partner-agreement","404","","Non-Indexable","Client Error"
"http://help.docstation.co/en/","301","","Non-Indexable","Redirected"
"http://help.docstation.co/en/articles/3496979-patient-profiles","301","","Non-Indexable","Redirected"
"https://blackbird.docstation.co/?p=%2Fblog%2Fleveraging-technology-for-value-based-pharmacy-models&h=https%3A%2F%2Fdocstation.co&r=&sid=HOTVIUAS&qs={}&cid=69495574","403","","Non-Indexable","Client Error"
"https://docstation.co/blog/meet-french","200","Meet French! | Care with DocStation","Indexable",""
"https://help.docstation.co/en/articles/3496979-patient-profiles","401","","Non-Indexable","Client Error"
"http://help.docstation.co/en/articles/3094122-login-access-expired","301","","Non-Indexable","Redirected"
"https://accounts.docstation.co/authorize?client_id=8rbCx1XV9cfU4XAQr5McVhVgJEiZh3KO&response_type=token%20id_token&response_mode=web_message&redirect_uri=https%3A%2F%2Fapp.docstation.co%2Fapi%2Faccount%2Fcallback&scope=openid%20profile%20email&state=KEEda4XW-gxpY9LdBaTneyW21u80Ntzl3UGE&nonce=fZNMClzhHk2oQFNfCr.v7MHhBiAG-j2b&prompt=none&auth0Client=eyJuYW1lIjoibG9jay5qcyIsInZlcnNpb24iOiIxMS4zMC4xIiwiZW52Ijp7ImF1dGgwLmpzIjoiOS4xNi4yIiwiYXV0aDAuanMtdWxwIjoiOS4xNi4yIn19","200","Authorization Response","Indexable",""
"https://docstation.co/blog/docstation-achieves-level-2-capability-for-pharmacist-ecare-plan","200","DocStation achieves Level 2 capability for Pharmacist eCare Plan | Care with DocStation","Indexable",""
"https://blackbird.docstation.co/?p=%2Fblog%2Fmeet-john&h=https%3A%2F%2Fdocstation.co&r=&sid=HOTVIUAS&qs={}&cid=3430896","403","","Non-Indexable","Client Error"
"https://help.docstation.co/en/articles/3828429-covid-19-assessment-task","200","COVID-19 Assessment Task | DocStation Help Center","Non-Indexable","Canonicalised"
"https://blackbird.docstation.co/?p=%2Ffeatures%2Fvalue-based-pharmacy&h=https%3A%2F%2Fdocstation.co&r=&sid=HOTVIUAS&qs={}&cid=43802631","403","","Non-Indexable","Client Error"
"https://help.docstation.co/en/articles/5374573-how-to-bill-a-claim","200","How to bill a Claim | DocStation Help Center","Non-Indexable","Canonicalised"
"https://help.docstation.co/en/articles/3063052-docstation-supported-browsers","200","DocStation Supported Browsers | DocStation Help Center","Non-Indexable","Canonicalised"
"https://help.docstation.co/en/articles/4490239-one-program-training","200","ONE Program Training | DocStation Help Center","Non-Indexable","Canonicalised"
"https://blackbird.docstation.co/?p=%2Fblog%2Fmeet-aubree&h=https%3A%2F%2Fdocstation.co&r=&sid=HOTVIUAS&qs={}&cid=77875351","403","","Non-Indexable","Client Error"
"https://docstation.co/legal/privacy-policy","200","Privacy Policy | Care with DocStation","Indexable",""
"https://blackbird.docstation.co/?p=%2Fblog%2F2&h=https%3A%2F%2Fdocstation.co&r=&sid=HOTVIUAS&qs={}&cid=12474634","403","","Non-Indexable","Client Error"
"https://docstation.co/blog/meet-christine","200","Meet Christine! | Care with DocStation","Indexable",""
"https://docstation.co/blog/docstation-partners-with-one-rx-to-combat-opioid-misuse-in-north-dakota","200","DocStation Partners with ONE Rx To Combat Opioid Misuse in North Dakota | Care with DocStation","Indexable",""
"https://docstation.co/blog/pharmacists-on-the-front-line","200","Front-Line Pharmacists | Care with DocStation","Indexable",""
"https://help.docstation.co/en/articles/4684568-healthpartners-mtm-program-how-to-get-started","200","HealthPartners MTM Program: How to Get Started | DocStation Help Center","Non-Indexable","Canonicalised"
"https://docstation.co/features/clinical-intelligence","200","Clinical Intelligence | Care with DocStation","Indexable",""
"https://help.docstation.co/en/articles/3829025-covid-19-education-resources","200","COVID-19 Education Resources | DocStation Help Center","Non-Indexable","Canonicalised"
"https://blackbird.docstation.co/?p=%2Fblog%2F2&h=https%3A%2F%2Fdocstation.co&r=&sid=HOTVIUAS&qs={}&cid=88732904","403","","Non-Indexable","Client Error"
"https://blackbird.docstation.co/?p=%2Fsolutions%2Femployers&h=https%3A%2F%2Fdocstation.co&r=&sid=HOTVIUAS&qs={}&cid=26990623","403","","Non-Indexable","Client Error"
"https://docstation.co/blog/meet-john","200","Meet John! | Care with DocStation","Indexable",""
"https://docstation.co/blog/meet-amanda","200","Meet Amanda! | Care with DocStation","Indexable",""
"http://help.docstation.co/en/articles/4677469-forwardhealth-mtm-program-how-to-get-started","301","","Non-Indexable","Redirected"
"https://docstation.co/company","200","Our Company | Care with DocStation","Indexable",""
"https://blackbird.docstation.co/?p=%2Ffeatures%2Fconnectivity-integration&h=https%3A%2F%2Fdocstation.co&r=&sid=HOTVIUAS&qs={}&cid=64050333","403","","Non-Indexable","Client Error"
"https://blackbird.docstation.co/?p=%2Flegal%2Fvendor-baa&h=https%3A%2F%2Fdocstation.co&r=&sid=HOTVIUAS&qs={}&cid=63795120","403","","Non-Indexable","Client Error"
"https://blackbird.docstation.co/?p=%2Flegal%2Fadd-on-terms&h=https%3A%2F%2Fdocstation.co&r=&sid=HOTVIUAS&qs={}&cid=78359354","403","","Non-Indexable","Client Error"
"https://docstation.co/blog/the-pharmacist-ecare-plan","200","The Pharmacist eCare Plan | Care with DocStation","Indexable",""
"https://docstation.co/blog/the-applications-of-blockchain-technology-in-healthcare","200","The Applications of Blockchain Technology in Healthcare | Care with DocStation","Indexable",""
"https://docstation.co/legal/business-associate-agreement","200","Business Associate Agreement | Care with DocStation","Indexable",""
"http://help.docstation.co/en/collections/3067603-medical-billing","301","","Non-Indexable","Redirected"
"https://docstation.co/legal/vendor-baa","404","","Non-Indexable","Client Error"
"https://blackbird.docstation.co/?p=%2Fblog%2Fmeet-christine&h=https%3A%2F%2Fdocstation.co&r=&sid=HOTVIUAS&qs={}&cid=92347204","403","","Non-Indexable","Client Error"
"https://blackbird.docstation.co/?p=%2Ffeatures%2Fvalue-based-pharmacy&h=https%3A%2F%2Fdocstation.co&r=&sid=HOTVIUAS&qs={}&cid=20534447","403","","Non-Indexable","Client Error"
"https://docstation.co/page-data/legal/vendor-baa/page-data.json","404","","Non-Indexable","Client Error"
"https://blackbird.docstation.co/?p=%2Ffeatures%2Fpatient-case-management&h=https%3A%2F%2Fdocstation.co&r=&sid=HOTVIUAS&qs={}&cid=35866883","403","","Non-Indexable","Client Error"
"https://www.docstation.co/","307","","Non-Indexable","Redirected"
"https://blackbird.docstation.co/?p=%2Fblog%2Fmeet-amanda&h=https%3A%2F%2Fdocstation.co&r=&sid=HOTVIUAS&qs={}&cid=22483733","403","","Non-Indexable","Client Error"
"https://docstation.co/blog/why-pharmacist-provider-status-is-inevitable","200","Provider Status is Inevitable | Care with DocStation","Indexable",""
"https://docstation.co/blog/docstation-released-to-pharmacy-innovators","200","DocStation released to Pharmacy Innovators | Care with DocStation","Indexable",""
"https://blackbird.docstation.co/?p=%2Fblog%2Fmeet-simon&h=https%3A%2F%2Fdocstation.co&r=&sid=HOTVIUAS&qs={}&cid=66276785","403","","Non-Indexable","Client Error"
"https://blackbird.docstation.co/?p=%2Fblog%2Fthe-future-of-pharmacy-is-value-based-part-two&h=https%3A%2F%2Fdocstation.co&r=&sid=HOTVIUAS&qs={}&cid=4102313","403","","Non-Indexable","Client Error"
"https://status.docstation.co/history/c647b42eb351","200","DocStation - System status","Indexable",""
"https://blackbird.docstation.co/?p=%2Fblog%2Fmeet-chris&h=https%3A%2F%2Fdocstation.co&r=&sid=HOTVIUAS&qs={}&cid=50201273","403","","Non-Indexable","Client Error"
"https://status.docstation.co/","200","DocStation - System status","Indexable",""
"https://status.docstation.co/history/26c6874c2f40","200","DocStation - System status","Indexable",""
"https://status.docstation.co/history","200","DocStation - System status","Indexable",""
"https://blackbird.docstation.co/?p=%2Ffeatures%2Fclinical-intelligence&h=https%3A%2F%2Fdocstation.co&r=&sid=HOTVIUAS&qs={}&cid=23568666","403","","Non-Indexable","Client Error"
"https://blackbird.docstation.co/?p=%2Fsecurity&h=https%3A%2F%2Fdocstation.co&r=&sid=HOTVIUAS&qs={}&cid=84167819","403","","Non-Indexable","Client Error"
"https://blackbird.docstation.co/?p=%2Fblog%2Fthe-case-for-specialty-pharmacy-data-standards&h=https%3A%2F%2Fdocstation.co&r=&sid=HOTVIUAS&qs={}&cid=28602043","403","","Non-Indexable","Client Error"
"http://help.docstation.co/en/articles/3063052-docstation-supported-browsers","301","","Non-Indexable","Redirected"
"http://help.docstation.co/en/articles/5359885-one-rx-screening-follow-up-task","301","","Non-Indexable","Redirected"
"http://help.docstation.co/en/articles/5168263-north-dakota-one-rx-project-details","301","","Non-Indexable","Redirected"
"https://blackbird.docstation.co/?p=%2F&h=https%3A%2F%2Fdocstation.co&r=&sid=HOTVIUAS&qs={}&cid=32098627","200","","Indexable",""
"https://blackbird.docstation.co/?p=%2Fsolutions%2Fhealth-plans&h=https%3A%2F%2Fdocstation.co&r=&sid=HOTVIUAS&qs={}&cid=51113981","200","","Indexable",""
"https://blackbird.docstation.co/?p=%2Fblog%2F3&h=https%3A%2F%2Fdocstation.co&r=&sid=HOTVIUAS&qs={}&cid=73522289","403","","Non-Indexable","Client Error"
"https://blackbird.docstation.co/?p=%2Fblog%2Fwhat-the-new-cms-proposed-rule-means-for-mtm-programs-in-2021&h=https%3A%2F%2Fdocstation.co&r=&sid=HOTVIUAS&qs={}&cid=64588604","403","","Non-Indexable","Client Error"
"https://docstation.co/blog/what-the-new-cms-proposed-rule-means-for-mtm-programs-in-2021","200","What the New CMS Proposed Rule Means for MTM Programs in 2021 | Care with DocStation","Indexable",""
"https://docstation.co/security","200","Security | Care with DocStation","Indexable",""
"https://blackbird.docstation.co/?p=%2Fblog%2Fdocstation-released-to-pharmacy-innovators&h=https%3A%2F%2Fdocstation.co&r=&sid=HOTVIUAS&qs={}&cid=56845937","403","","Non-Indexable","Client Error"
"https://help.docstation.co/en/articles/5359885-one-rx-screening-follow-up-task","301","","Non-Indexable","Redirected"
"http://help.docstation.co/en/articles/4169699-enabling-integrations","301","","Non-Indexable","Redirected"
"https://help.docstation.co/en/articles/5076934-comprehensive-medication-review-task","200","Comprehensive Medication Review Task | DocStation Help Center","Non-Indexable","Canonicalised"
"https://blackbird.docstation.co/?p=%2Fblog%2Fpharmacists-on-the-front-line&h=https%3A%2F%2Fdocstation.co&r=&sid=HOTVIUAS&qs={}&cid=37422452","403","","Non-Indexable","Client Error"
"https://blackbird.docstation.co/?p=%2Fblog%2Fwait-can-pharmacists-bill-for-the-coronavirus-test&h=https%3A%2F%2Fdocstation.co&r=&sid=HOTVIUAS&qs={}&cid=24181902","403","","Non-Indexable","Client Error"
"https://blackbird.docstation.co/?p=%2Fblog%2Fmeet-simon&h=https%3A%2F%2Fdocstation.co&r=&sid=HOTVIUAS&qs={}&cid=36452003","403","","Non-Indexable","Client Error"
"https://blackbird.docstation.co/?p=%2Fblog%2Fstaying-sane-while-working-remotely-tips-from-a-healthcare-company&h=https%3A%2F%2Fdocstation.co&r=&sid=HOTVIUAS&qs={}&cid=52982923","403","","Non-Indexable","Client Error"
"https://help.docstation.co/en/articles/4785274-on-demand-tasks","401","","Non-Indexable","Client Error"
"http://help.docstation.co/en/articles/3063071-how-to-remove-a-team-member","301","","Non-Indexable","Redirected"
"https://help.docstation.co/en/collections/3067603-medical-billing","200","Medical Billing | DocStation Help Center","Non-Indexable","Canonicalised"
"https://blackbird.docstation.co/?p=%2Fblog%2Fdocstations-tour-de-pharmacies-2018&h=https%3A%2F%2Fdocstation.co&r=&sid=HOTVIUAS&qs={}&cid=15361414","403","","Non-Indexable","Client Error"
"https://help.docstation.co/en/articles/3836244-covid-19-information","200","COVID-19 Information | DocStation Help Center","Non-Indexable","Canonicalised"
"https://blackbird.docstation.co/?p=%2Fblog%2Fpharmacists-on-the-front-line&h=https%3A%2F%2Fdocstation.co&r=&sid=HOTVIUAS&qs={}&cid=3250379","403","","Non-Indexable","Client Error"
"https://blackbird.docstation.co/?p=%2Ffeatures%2Fpatient-case-management&h=https%3A%2F%2Fdocstation.co&r=&sid=HOTVIUAS&qs={}&cid=30442594","403","","Non-Indexable","Client Error"
"https://docstation.co/page-data/legal/integration-partner-agreement/page-data.json","404","","Non-Indexable","Client Error"
"https://docstation.co/blog/pharmacist-providers-an-untapped-healthcare-resource","200","Pharmacist Providers: An Untapped Resource | Care with DocStation","Indexable",""
"https://blackbird.docstation.co/?p=%2Fcompany&h=https%3A%2F%2Fdocstation.co&r=&sid=HOTVIUAS&qs={}&cid=6652663","403","","Non-Indexable","Client Error"
"https://blackbird.docstation.co/?p=%2Fblog%2Fdocstation-released-to-pharmacy-innovators&h=https%3A%2F%2Fdocstation.co&r=&sid=HOTVIUAS&qs={}&cid=16190619","403","","Non-Indexable","Client Error"
"https://app.docstation.co/login","200","Sign in to DocStation - DocStation","Indexable",""
"https://blackbird.docstation.co/?p=%2Fblog%2Fdocstation-partners-with-one-rx-to-combat-opioid-misuse-in-north-dakota&h=https%3A%2F%2Fdocstation.co&r=&sid=HOTVIUAS&qs={}&cid=23636886","403","","Non-Indexable","Client Error"
"https://blackbird.docstation.co/?p=%2Fblog%2Fmeet-jeff&h=https%3A%2F%2Fdocstation.co&r=&sid=HOTVIUAS&qs={}&cid=30757541","403","","Non-Indexable","Client Error"
"https://docstation.co/blog/staying-sane-while-working-remotely-tips-from-a-healthcare-company","200","Staying sane while working remotely, tips from a Healthcare company | Care with DocStation","Indexable",""
"https://blackbird.docstation.co/?p=%2Fblog%2Fwait-can-pharmacists-bill-for-the-coronavirus-test&h=https%3A%2F%2Fdocstation.co&r=&sid=HOTVIUAS&qs={}&cid=7622924","403","","Non-Indexable","Client Error"
"https://blackbird.docstation.co/?p=%2Fblog%2Fmeet-josh&h=https%3A%2F%2Fdocstation.co&r=&sid=HOTVIUAS&qs={}&cid=14873855","403","","Non-Indexable","Client Error"
"https://blackbird.docstation.co/?p=%2Fblog%2Fmeet-jeff&h=https%3A%2F%2Fdocstation.co&r=&sid=HOTVIUAS&qs={}&cid=27013210","403","","Non-Indexable","Client Error"
"http://help.docstation.co/en/articles/4490239-one-rx-project-training","301","","Non-Indexable","Redirected"
"http://help.docstation.co/en/collections/2222973-covid-19-resources","301","","Non-Indexable","Redirected"
"https://help.docstation.co/en/","200","DocStation Help Center","Non-Indexable","Canonicalised"
"https://help.docstation.co/en/collections/1838431-docstation-payment-programs","200","DocStation Payment Programs | DocStation Help Center","Non-Indexable","Canonicalised"
"http://help.docstation.co/en/articles/5076940-getting-started-with-claims-and-billing","301","","Non-Indexable","Redirected"
"http://help.docstation.co/en/articles/4151492-importing-a-csv-file","301","","Non-Indexable","Redirected"
"https://blackbird.docstation.co/?p=%2Fblog%2Fmeet-rishi&h=https%3A%2F%2Fdocstation.co&r=&sid=HOTVIUAS&qs={}&cid=39886709","403","","Non-Indexable","Client Error"
"https://docstation.co/legal/api-terms-of-service","404","","Non-Indexable","Client Error"
"http://help.docstation.co/en/collections/2461790-getting-started-with-docstation","301","","Non-Indexable","Redirected"
"https://docstation.co/blog/3","200","The Pharmacy Standard | Care with DocStation","Indexable",""
"https://docstation.co/blog/2","200","The Pharmacy Standard | Care with DocStation","Indexable",""
"https://docstation.co/blog/lessons-from-the-road","200","Lessons from the Road | Care with DocStation","Indexable",""
"https://docstation.co/page-data/legal/api-terms-of-service/page-data.json","404","","Non-Indexable","Client Error"
"https://docstation.co/legal/responsible-disclosure","200","Responsible Disclosure | Care with DocStation","Indexable",""
"http://help.docstation.co/en/articles/3836244-covid-19-information","301","","Non-Indexable","Redirected"
"https://blackbird.docstation.co/?p=%2Fblog%2Fthe-case-for-specialty-pharmacy-data-standards&h=https%3A%2F%2Fdocstation.co&r=&sid=HOTVIUAS&qs={}&cid=41696506","403","","Non-Indexable","Client Error"
"https://blackbird.docstation.co/?p=%2Fsolutions%2Fhealth-plans&h=https%3A%2F%2Fdocstation.co&r=&sid=HOTVIUAS&qs={}&cid=45994053","200","","Indexable",""
"http://help.docstation.co/en/collections/1838431-docstation-payment-programs","301","","Non-Indexable","Redirected"
"https://help.docstation.co/en/articles/6177671-diabetes-eye-exam-assessment","200","Diabetes Eye Exam Assessment | DocStation Help Center","Non-Indexable","Canonicalised"
"https://blackbird.docstation.co/?p=%2Fblog%2Fmeet-rishi&h=https%3A%2F%2Fdocstation.co&r=&sid=HOTVIUAS&qs={}&cid=28505630","403","","Non-Indexable","Client Error"
"https://blackbird.docstation.co/?p=%2Fblog%2Fmeet-aubree&h=https%3A%2F%2Fdocstation.co&r=&sid=HOTVIUAS&qs={}&cid=88500145","403","","Non-Indexable","Client Error"
"https://blackbird.docstation.co/?p=%2Fblog%2Fpharmacist-providers-an-untapped-healthcare-resource&h=https%3A%2F%2Fdocstation.co&r=&sid=HOTVIUAS&qs={}&cid=97391177","403","","Non-Indexable","Client Error"
"https://docstation.co/features/billing-revenue","200","Billing & Revenue | Care with DocStation","Indexable",""
"https://blackbird.docstation.co/?p=%2Fblog%2Fmeet-chris&h=https%3A%2F%2Fdocstation.co&r=&sid=HOTVIUAS&qs={}&cid=64743960","403","","Non-Indexable","Client Error"
"https://blackbird.docstation.co/?p=%2Flegal%2Fresponsible-disclosure&h=https%3A%2F%2Fdocstation.co&r=&sid=HOTVIUAS&qs={}&cid=98050795","403","","Non-Indexable","Client Error"
"https://help.docstation.co/en/collections/1838427-account-management","200","Account Management | DocStation Help Center","Non-Indexable","Canonicalised"
"https://help.docstation.co/en/articles/3094122-login-access-expired","200","Login Access Expired | DocStation Help Center","Non-Indexable","Canonicalised"
"https://docstation.co/blog/leveraging-technology-for-value-based-pharmacy-models","200","Leveraging Technology for Value-Based Pharmacy Models | Care with DocStation","Indexable",""
"http://help.docstation.co/en/articles/3063073-how-to-sign-up-for-docstation","301","","Non-Indexable","Redirected"
"https://docstation.co/","200","Home | Care with DocStation","Indexable",""
"https://status.docstation.co/history/92ccb529d9ff","200","DocStation - System status","Indexable",""
"http://help.docstation.co/en/articles/3636468-pharmacist-ecare-plans","301","","Non-Indexable","Redirected"
"http://help.docstation.co/en/articles/5168263-north-dakota-one-program-details","301","","Non-Indexable","Redirected"
"https://blackbird.docstation.co/?p=%2Fsolutions%2Femployers&h=https%3A%2F%2Fdocstation.co&r=&sid=HOTVIUAS&qs={}&cid=21297739","403","","Non-Indexable","Client Error"
"https://help.docstation.co/en/articles/5538971-claim-templates","401","","Non-Indexable","Client Error"
"https://docstation.co/blog/the-freecare-plan-for-pharmacists","200","The freeCare Plan for Pharmacists | Care with DocStation","Indexable",""
"https://docstation.co/blog/wait-can-pharmacists-bill-for-the-coronavirus-test","200","Wait — Can Pharmacists Bill for the Coronavirus Test? | Care with DocStation","Indexable",""
"https://docstation.co/legal/terms-of-service","200","Terms of Service | Care with DocStation","Indexable",""
"https://help.docstation.co/en/collections/1609111-docstation-tasks","200","DocStation Tasks | DocStation Help Center","Non-Indexable","Canonicalised"
"https://help.docstation.co/en/articles/5076940-getting-started-with-claims-and-billing","200","Getting Started with Claims and Billing | DocStation Help Center","Non-Indexable","Canonicalised"
"https://help.docstation.co/en/articles/4151492-importing-a-csv-file","200","Importing a CSV File | DocStation Help Center","Non-Indexable","Canonicalised"
"https://blackbird.docstation.co/?p=%2Fblog%2Fthe-applications-of-blockchain-technology-in-healthcare&h=https%3A%2F%2Fdocstation.co&r=&sid=HOTVIUAS&qs={}&cid=36058835","403","","Non-Indexable","Client Error"
"https://docstation.co/blog","200","The Pharmacy Standard | Care with DocStation","Indexable",""
"https://status.docstation.co/history/339a6d9fa538","200","DocStation - System status","Indexable",""
"https://blackbird.docstation.co/?p=%2Fblog%2Fthe-applications-of-blockchain-technology-in-healthcare&h=https%3A%2F%2Fdocstation.co&r=&sid=HOTVIUAS&qs={}&cid=95827707","403","","Non-Indexable","Client Error"
"https://docstation.co/blog/meet-chris","200","Meet Chris! | Care with DocStation","Indexable",""
"https://docstation.co/solutions","200","Solutions | Care with DocStation","Indexable",""
"https://blackbird.docstation.co/?p=%2Fblog%2Fmeet-josh&h=https%3A%2F%2Fdocstation.co&r=&sid=HOTVIUAS&qs={}&cid=62665314","403","","Non-Indexable","Client Error"
"https://blackbird.docstation.co/?p=%2Ffeatures&h=https%3A%2F%2Fdocstation.co&r=&sid=HOTVIUAS&qs={}&cid=21251033","403","","Non-Indexable","Client Error"
"https://blackbird.docstation.co/?p=%2Fcompany&h=https%3A%2F%2Fdocstation.co&r=&sid=HOTVIUAS&qs={}&cid=8491885","200","","Indexable",""
"http://www.docstation.co/","308","","Non-Indexable","Redirected"
"https://help.docstation.co/en/articles/4381072-north-dakota-medicaid-mtm-program","200","North Dakota Medicaid MTM Program | DocStation Help Center","Non-Indexable","Canonicalised"
"https://help.docstation.co/en/articles/3063067-add-a-new-team-member-user","200","Add a new team member / user | DocStation Help Center","Non-Indexable","Canonicalised"
"https://blackbird.docstation.co/?p=%2Fsolutions%2Fpharmacies&h=https%3A%2F%2Fdocstation.co&r=&sid=HOTVIUAS&qs={}&cid=30096848","403","","Non-Indexable","Client Error"
"http://help.docstation.co/en/articles/4381072-north-dakota-medicaid-mtm-program","301","","Non-Indexable","Redirected"
"https://blackbird.docstation.co/?p=%2Fblog%2Fpharmacist-providers-an-untapped-healthcare-resource&h=https%3A%2F%2Fdocstation.co&r=&sid=HOTVIUAS&qs={}&cid=93331587","403","","Non-Indexable","Client Error"
"http://help.docstation.co/en/articles/5374573-how-to-bill-a-claim","301","","Non-Indexable","Redirected"
"http://help.docstation.co/en/articles/3063067-add-a-new-team-member-user","301","","Non-Indexable","Redirected"
"https://blackbird.docstation.co/?p=%2Flegal%2Fintegration-partner-agreement&h=https%3A%2F%2Fdocstation.co&r=&sid=HOTVIUAS&qs={}&cid=77778187","403","","Non-Indexable","Client Error"
"https://docstation.co/legal/add-on-terms","200","Add-On Service Terms and Conditions | Care with DocStation","Indexable",""
"https://docstation.co/blog/docstation-raises-3-1m-to-make-pharmacists-front-line-providers","200","DocStation Raises $3.1M To Make Pharmacists Front-Line Providers | Care with DocStation","Indexable",""
"https://help.docstation.co/en/articles/3028288-training-for-new-users","200","Training for New Users | DocStation Help Center","Non-Indexable","Canonicalised"
"http://help.docstation.co/en/articles/4677317-north-dakota-medicaid-mtm-program-how-to-get-started","301","","Non-Indexable","Redirected"
"http://help.docstation.co/en/collections/1838427-account-management","301","","Non-Indexable","Redirected"
"https://blackbird.docstation.co/?p=%2Fblog%2Fdocstation-achieves-level-2-capability-for-pharmacist-ecare-plan&h=https%3A%2F%2Fdocstation.co&r=&sid=HOTVIUAS&qs={}&cid=23168168","403","","Non-Indexable","Client Error"
"https://blackbird.docstation.co/?p=%2Fblog%2Fdocstation-raises-3-1m-to-make-pharmacists-front-line-providers&h=https%3A%2F%2Fdocstation.co&r=&sid=HOTVIUAS&qs={}&cid=64148425","403","","Non-Indexable","Client Error"
"http://help.docstation.co/en/articles/5076940-getting-started-with-claims","301","","Non-Indexable","Redirected"
"https://docstation.co/blog/meet-rishi","200","Meet Rishi! | Care with DocStation","Indexable",""
"https://docstation.co/solutions/employers","200","Employers | Care with DocStation","Indexable",""
"https://docstation.co/solutions/medicare","200","Medicare | Care with DocStation","Indexable",""
"https://docstation.co/legal/terms-of-service/","308","","Non-Indexable","Redirected"
"http://help.docstation.co/en/articles/4490239-one-program-training","301","","Non-Indexable","Redirected"
"https://blackbird.docstation.co/?p=%2Ffeatures%2Fconnectivity-integration&h=https%3A%2F%2Fdocstation.co&r=&sid=HOTVIUAS&qs={}&cid=55936580","403","","Non-Indexable","Client Error"
"http://help.docstation.co/en/articles/5076934-comprehensive-medication-review-task","301","","Non-Indexable","Redirected"
"https://docstation.co/features/connectivity-integration","200","Technology Integrations | Care with DocStation","Indexable",""
"https://blackbird.docstation.co/?p=%2Fblog%2Fwhy-pharmacist-provider-status-is-inevitable&h=https%3A%2F%2Fdocstation.co&r=&sid=HOTVIUAS&qs={}&cid=45941915","403","","Non-Indexable","Client Error"
"https://help.docstation.co/en/collections/2222973-covid-19-resources","200","COVID-19 Resources | DocStation Help Center","Non-Indexable","Canonicalised"
"https://blackbird.docstation.co/?p=%2Fsolutions%2Fmedicaid&h=https%3A%2F%2Fdocstation.co&r=&sid=HOTVIUAS&qs={}&cid=19002676","403","","Non-Indexable","Client Error"
"https://blackbird.docstation.co/?p=%2Fblog%2Fthe-freecare-plan-for-pharmacists&h=https%3A%2F%2Fdocstation.co&r=&sid=HOTVIUAS&qs={}&cid=8935442","403","","Non-Indexable","Client Error"
"https://help.docstation.co/en/articles/3472434-pharmacy-innovators-meetings-and-community-resources","200","Pharmacy Innovators Meetings and Community Resources | DocStation Help Center","Non-Indexable","Canonicalised"
"http://help.docstation.co/en/articles/3028288-training-for-new-users","301","","Non-Indexable","Redirected"
"https://blackbird.docstation.co/?p=%2F&h=https%3A%2F%2Fdocstation.co&r=&sid=HOTVIUAS&qs={}&cid=2348002","200","","Indexable",""
"https://help.docstation.co/en/articles/3063073-how-to-sign-up-for-docstation","200","How to sign up for DocStation | DocStation Help Center","Non-Indexable","Canonicalised"
"https://blackbird.docstation.co/?p=%2Fblog%2Fmeet-french&h=https%3A%2F%2Fdocstation.co&r=&sid=HOTVIUAS&qs={}&cid=38914567","403","","Non-Indexable","Client Error"
"https://blackbird.docstation.co/?p=%2Fblog%2Fmeet-samm&h=https%3A%2F%2Fdocstation.co&r=&sid=HOTVIUAS&qs={}&cid=7176067","403","","Non-Indexable","Client Error"
"https://help.docstation.co/en/articles/4490239-one-rx-project-training","301","","Non-Indexable","Redirected"
"https://blackbird.docstation.co/?p=%2Flegal%2Fapi-terms-of-service&h=https%3A%2F%2Fdocstation.co&r=&sid=HOTVIUAS&qs={}&cid=10964680","403","","Non-Indexable","Client Error"
"https://docstation.co/blog/the-future-of-pharmacy-is-value-based-part-two","200","The Future of Pharmacy is Value-Based, Part Two | Care with DocStation","Indexable",""
"http://help.docstation.co/en/articles/3828429-covid-19-assessment-task","301","","Non-Indexable","Redirected"
"https://docstation.co/features/patient-case-management","200","Patient & Case Management | Care with DocStation","Indexable",""
"https://blackbird.docstation.co/?p=%2Flegal%2Fbusiness-associate-agreement&h=https%3A%2F%2Fdocstation.co&r=&sid=HOTVIUAS&qs={}&cid=2955710","403","","Non-Indexable","Client Error"
"https://blackbird.docstation.co/?p=%2Fsolutions&h=https%3A%2F%2Fdocstation.co&r=&sid=HOTVIUAS&qs={}&cid=21307840","403","","Non-Indexable","Client Error"
"https://docstation.co/blog/meet-samm","200","Meet Samm! | Care with DocStation","Indexable",""
"https://help.docstation.co/en/articles/3636468-pharmacist-ecare-plans","200","Pharmacist eCare Plans | DocStation Help Center","Non-Indexable","Canonicalised"
"https://blackbird.docstation.co/?p=%2Fblog%2Fmeet-john&h=https%3A%2F%2Fdocstation.co&r=&sid=HOTVIUAS&qs={}&cid=1257852","403","","Non-Indexable","Client Error"
"https://docstation.co/solutions/medicaid","200","Medicaid | Care with DocStation","Indexable",""
"https://docstation.co/features/value-based-pharmacy","200","Value-based pharmacy | Care with DocStation","Indexable",""
"https://blackbird.docstation.co/?p=%2Fsolutions%2Fpharmacies&h=https%3A%2F%2Fdocstation.co&r=&sid=HOTVIUAS&qs={}&cid=22186913","403","","Non-Indexable","Client Error"
"https://docstation.co/blog/meet-aubree","200","Meet Aubree! | Care with DocStation","Indexable",""
"https://help.docstation.co/en/articles/5359885-one-program-screening-follow-up-task","200","ONE Program Screening Follow Up Task | DocStation Help Center","Non-Indexable","Canonicalised"
"https://blackbird.docstation.co/?p=%2Fsolutions%2Fmedicaid&h=https%3A%2F%2Fdocstation.co&r=&sid=HOTVIUAS&qs={}&cid=31796471","403","","Non-Indexable","Client Error"
"https://help.docstation.co/en/articles/4499211-single-sign-on-sso-for-enterprise-accounts","200","Single Sign On (SSO) for Enterprise Accounts | DocStation Help Center","Non-Indexable","Canonicalised"
"http://help.docstation.co/en/articles/5538971-claim-templates","301","","Non-Indexable","Redirected"
"https://blackbird.docstation.co/?p=%2Fblog%2Fmeet-christine&h=https%3A%2F%2Fdocstation.co&r=&sid=HOTVIUAS&qs={}&cid=98839297","403","","Non-Indexable","Client Error"
"https://blackbird.docstation.co/?p=%2Fblog&h=https%3A%2F%2Fdocstation.co&r=&sid=HOTVIUAS&qs={}&cid=47108559","403","","Non-Indexable","Client Error"
"https://blackbird.docstation.co/?p=%2Fblog%2Fwhy-pharmacist-provider-status-is-inevitable&h=https%3A%2F%2Fdocstation.co&r=&sid=HOTVIUAS&qs={}&cid=99144602","403","","Non-Indexable","Client Error"
"https://help.docstation.co/en/articles/5168263-north-dakota-one-program-details","200","North Dakota ONE Program Details | DocStation Help Center","Non-Indexable","Canonicalised"
"http://help.docstation.co/en/articles/3063063-how-to-change-or-reset-your-password","301","","Non-Indexable","Redirected"
"https://blackbird.docstation.co/?p=%2Ffeatures%2Fclinical-intelligence&h=https%3A%2F%2Fdocstation.co&r=&sid=HOTVIUAS&qs={}&cid=78616850","403","","Non-Indexable","Client Error"
"https://blackbird.docstation.co/?p=%2Fsolutions%2Fmedicare&h=https%3A%2F%2Fdocstation.co&r=&sid=HOTVIUAS&qs={}&cid=55589024","403","","Non-Indexable","Client Error"
"http://docstation.co/","308","","Non-Indexable","Redirected"
"https://help.docstation.co/en/collections/2461790-getting-started-with-docstation","200","Getting Started with DocStation | DocStation Help Center","Non-Indexable","Canonicalised"
"http://help.docstation.co/en/articles/3028259-pharmacy-technicians-and-students","301","","Non-Indexable","Redirected"
"https://docstation.co/solutions/health-plans","200","Health Plans | Care with DocStation","Indexable",""
"http://help.docstation.co/en/articles/6177671-diabetes-eye-exam-assessment","301","","Non-Indexable","Redirected"
"https://help.docstation.co/en/articles/3063071-how-to-remove-a-team-member","401","","Non-Indexable","Client Error"
"http://help.docstation.co/en/articles/3829025-covid-19-education-resources","301","","Non-Indexable","Redirected"
"https://blackbird.docstation.co/?p=%2Fblog&h=https%3A%2F%2Fdocstation.co&r=&sid=HOTVIUAS&qs={}&cid=15436194","403","","Non-Indexable","Client Error"
"https://docstation.co/blog/docstations-tour-de-pharmacies-2018","200","DocStation’s Tour de Pharmacies 2018 | Care with DocStation","Indexable",""
"http://help.docstation.co/en/articles/5359885-one-program-screening-follow-up-task","301","","Non-Indexable","Redirected"
"https://help.docstation.co/en/articles/3063063-how-to-change-or-reset-your-password","200","How to change or reset your password | DocStation Help Center","Non-Indexable","Canonicalised"
"https://docstation.co/blog/meet-simon","200","Meet Simon! | Care with DocStation","Indexable",""
"http://help.docstation.co/en/articles/4785274-on-demand-tasks","301","","Non-Indexable","Redirected"
"https://blackbird.docstation.co/?p=%2Fblog%2Fthe-freecare-plan-for-pharmacists&h=https%3A%2F%2Fdocstation.co&r=&sid=HOTVIUAS&qs={}&cid=97045405","403","","Non-Indexable","Client Error"
"http://help.docstation.co/en/articles/5374568-configuring-docstation-settings-for-claims-billing","301","","Non-Indexable","Redirected"
"https://help.docstation.co/en/articles/3028259-pharmacy-technicians-and-students","200","Pharmacy Technicians and Students | DocStation Help Center","Non-Indexable","Canonicalised"
"https://docstation.co/solutions/pharmacies","200","Pharmacies | Care with DocStation","Indexable",""
"https://blackbird.docstation.co/?p=%2Flegal%2Fprivacy-policy&h=https%3A%2F%2Fdocstation.co&r=&sid=HOTVIUAS&qs={}&cid=69725232","403","","Non-Indexable","Client Error"
"https://blackbird.docstation.co/?p=%2Ffeatures%2Fbilling-revenue&h=https%3A%2F%2Fdocstation.co&r=&sid=HOTVIUAS&qs={}&cid=52426562","403","","Non-Indexable","Client Error"
"https://help.docstation.co/en/articles/5076940-getting-started-with-claims","301","","Non-Indexable","Redirected"
"https://blackbird.docstation.co/?p=%2Fblog%2Fdocstations-tour-de-pharmacies-2018&h=https%3A%2F%2Fdocstation.co&r=&sid=HOTVIUAS&qs={}&cid=59525256","403","","Non-Indexable","Client Error"
"https://docstation.co/blog/meet-jeff","200","Meet Jeff! | Care with DocStation","Indexable",""
"https://blackbird.docstation.co/?p=%2Fblog%2Fmeet-samm&h=https%3A%2F%2Fdocstation.co&r=&sid=HOTVIUAS&qs={}&cid=85214146","403","","Non-Indexable","Client Error"
"https://blackbird.docstation.co/?p=%2Ffeatures%2Fbilling-revenue&h=https%3A%2F%2Fdocstation.co&r=&sid=HOTVIUAS&qs={}&cid=69901883","200","","Indexable",""
"http://help.docstation.co/en/articles/4684568-healthpartners-mtm-program-how-to-get-started","301","","Non-Indexable","Redirected"
"https://docstation.co/blog/the-case-for-specialty-pharmacy-data-standards","200","The Power of Specialty Pharmacy Data | Care with DocStation","Indexable",""
"https://blackbird.docstation.co/?p=%2Fblog%2Fleveraging-technology-for-value-based-pharmacy-models&h=https%3A%2F%2Fdocstation.co&r=&sid=HOTVIUAS&qs={}&cid=3781166","403","","Non-Indexable","Client Error"
"https://landing.docstation.co/notify","200","DocStation | Sign Up","Indexable",""
"https://help.docstation.co/en/articles/4677317-north-dakota-medicaid-mtm-program-how-to-get-started","200","North Dakota Medicaid MTM Program: How to Get Started | DocStation Help Center","Non-Indexable","Canonicalised"
"https://docstation.co/features","200","Features | Care with DocStation","Indexable",""
"https://help.docstation.co/en/articles/4677469-forwardhealth-mtm-program-how-to-get-started","200","ForwardHealth MTM Program: How to Get Started | DocStation Help Center","Non-Indexable","Canonicalised"
"https://blackbird.docstation.co/?p=%2Fblog%2Fdocstation-partners-with-one-rx-to-combat-opioid-misuse-in-north-dakota&h=https%3A%2F%2Fdocstation.co&r=&sid=HOTVIUAS&qs={}&cid=33583670","403","","Non-Indexable","Client Error"
"http://help.docstation.co/en/articles/3472434-pharmacy-innovators-meetings-and-community-resources","301","","Non-Indexable","Redirected"
"https://help.docstation.co/en/articles/4169699-enabling-integrations","200","Enabling Integrations | DocStation Help Center","Non-Indexable","Canonicalised"
"https://blackbird.docstation.co/?p=%2Fblog%2Flessons-from-the-road&h=https%3A%2F%2Fdocstation.co&r=&sid=HOTVIUAS&qs={}&cid=10548292","403","","Non-Indexable","Client Error"
"https://blackbird.docstation.co/?p=%2Fsolutions%2Fmedicare&h=https%3A%2F%2Fdocstation.co&r=&sid=HOTVIUAS&qs={}&cid=3847929","403","","Non-Indexable","Client Error"
"https://blackbird.docstation.co/?p=%2Fblog%2Fthe-pharmacist-ecare-plan&h=https%3A%2F%2Fdocstation.co&r=&sid=HOTVIUAS&qs={}&cid=69629179","403","","Non-Indexable","Client Error"
"http://help.docstation.co/en/articles/4499211-single-sign-on-sso-for-enterprise-accounts","301","","Non-Indexable","Redirected"
"https://blackbird.docstation.co/?p=%2Ffeatures&h=https%3A%2F%2Fdocstation.co&r=&sid=HOTVIUAS&qs={}&cid=81908466","403","","Non-Indexable","Client Error"
"https://help.docstation.co/en/articles/5168263-north-dakota-one-rx-project-details","301","","Non-Indexable","Redirected"
"https://blackbird.docstation.co/?p=%2Flegal%2Fresponsible-disclosure&h=https%3A%2F%2Fdocstation.co&r=&sid=HOTVIUAS&qs={}&cid=9713909","403","","Non-Indexable","Client Error"
