﻿"Address","Errors","Warnings","Total Types","Unique Types","Type-1","Indexability","Indexability Status"
"https://blackbird.docstation.co/?p=%2Flegal%2Fterms-of-service&h=https%3A%2F%2Fdocstation.co&r=&sid=HOTVIUAS&qs={}&cid=24497161","0","0","0","0","","Indexable",""
"https://docstation.co/blog/meet-josh","0","0","0","0","","Indexable",""
"https://status.docstation.co/history/250cfaab56e5","0","0","0","0","","Indexable",""
"https://blackbird.docstation.co/?p=%2Fsecurity&h=https%3A%2F%2Fdocstation.co&r=&sid=HOTVIUAS&qs={}&cid=87024426","0","0","0","0","","Indexable",""
"https://status.docstation.co/history/f52e74126367","0","0","0","0","","Indexable",""
"https://landing.docstation.co/notify-v2","0","0","0","0","","Indexable",""
"https://help.docstation.co/en/articles/5374568-configuring-docstation-settings-for-claims-billing","0","0","0","0","","Non-Indexable","Canonicalised"
"https://docstation.co/blog/meet-french","0","0","0","0","","Indexable",""
"https://accounts.docstation.co/authorize?client_id=8rbCx1XV9cfU4XAQr5McVhVgJEiZh3KO&response_type=token%20id_token&response_mode=web_message&redirect_uri=https%3A%2F%2Fapp.docstation.co%2Fapi%2Faccount%2Fcallback&scope=openid%20profile%20email&state=KEEda4XW-gxpY9LdBaTneyW21u80Ntzl3UGE&nonce=fZNMClzhHk2oQFNfCr.v7MHhBiAG-j2b&prompt=none&auth0Client=eyJuYW1lIjoibG9jay5qcyIsInZlcnNpb24iOiIxMS4zMC4xIiwiZW52Ijp7ImF1dGgwLmpzIjoiOS4xNi4yIiwiYXV0aDAuanMtdWxwIjoiOS4xNi4yIn19","0","0","0","0","","Indexable",""
"https://docstation.co/blog/docstation-achieves-level-2-capability-for-pharmacist-ecare-plan","0","0","0","0","","Indexable",""
"https://help.docstation.co/en/articles/3828429-covid-19-assessment-task","0","0","0","0","","Non-Indexable","Canonicalised"
"https://help.docstation.co/en/articles/5374573-how-to-bill-a-claim","0","0","0","0","","Non-Indexable","Canonicalised"
"https://help.docstation.co/en/articles/3063052-docstation-supported-browsers","0","0","0","0","","Non-Indexable","Canonicalised"
"https://help.docstation.co/en/articles/4490239-one-program-training","0","0","0","0","","Non-Indexable","Canonicalised"
"https://docstation.co/legal/privacy-policy","0","0","0","0","","Indexable",""
"https://docstation.co/blog/meet-christine","0","0","0","0","","Indexable",""
"https://docstation.co/blog/docstation-partners-with-one-rx-to-combat-opioid-misuse-in-north-dakota","0","0","0","0","","Indexable",""
"https://docstation.co/blog/pharmacists-on-the-front-line","0","0","0","0","","Indexable",""
"https://help.docstation.co/en/articles/4684568-healthpartners-mtm-program-how-to-get-started","0","0","0","0","","Non-Indexable","Canonicalised"
"https://docstation.co/features/clinical-intelligence","0","0","0","0","","Indexable",""
"https://help.docstation.co/en/articles/3829025-covid-19-education-resources","0","0","0","0","","Non-Indexable","Canonicalised"
"https://docstation.co/blog/meet-john","0","0","0","0","","Indexable",""
"https://docstation.co/blog/meet-amanda","0","0","0","0","","Indexable",""
"https://docstation.co/company","0","0","0","0","","Indexable",""
"https://docstation.co/blog/the-pharmacist-ecare-plan","0","0","0","0","","Indexable",""
"https://docstation.co/blog/the-applications-of-blockchain-technology-in-healthcare","0","0","0","0","","Indexable",""
"https://docstation.co/legal/business-associate-agreement","0","0","0","0","","Indexable",""
"https://docstation.co/blog/why-pharmacist-provider-status-is-inevitable","0","0","0","0","","Indexable",""
"https://docstation.co/blog/docstation-released-to-pharmacy-innovators","0","0","0","0","","Indexable",""
"https://status.docstation.co/history/c647b42eb351","0","0","0","0","","Indexable",""
"https://status.docstation.co/","0","0","0","0","","Indexable",""
"https://status.docstation.co/history/26c6874c2f40","0","0","0","0","","Indexable",""
"https://status.docstation.co/history","0","0","0","0","","Indexable",""
"https://blackbird.docstation.co/?p=%2F&h=https%3A%2F%2Fdocstation.co&r=&sid=HOTVIUAS&qs={}&cid=32098627","0","0","0","0","","Indexable",""
"https://blackbird.docstation.co/?p=%2Fsolutions%2Fhealth-plans&h=https%3A%2F%2Fdocstation.co&r=&sid=HOTVIUAS&qs={}&cid=51113981","0","0","0","0","","Indexable",""
"https://docstation.co/blog/what-the-new-cms-proposed-rule-means-for-mtm-programs-in-2021","0","0","0","0","","Indexable",""
"https://docstation.co/security","0","0","0","0","","Indexable",""
"https://help.docstation.co/en/articles/5076934-comprehensive-medication-review-task","0","0","0","0","","Non-Indexable","Canonicalised"
"https://help.docstation.co/en/collections/3067603-medical-billing","0","0","0","0","","Non-Indexable","Canonicalised"
"https://help.docstation.co/en/articles/3836244-covid-19-information","0","0","0","0","","Non-Indexable","Canonicalised"
"https://docstation.co/blog/pharmacist-providers-an-untapped-healthcare-resource","0","0","0","0","","Indexable",""
"https://app.docstation.co/login","0","0","0","0","","Indexable",""
"https://docstation.co/blog/staying-sane-while-working-remotely-tips-from-a-healthcare-company","0","0","0","0","","Indexable",""
"https://help.docstation.co/en/","0","0","0","0","","Non-Indexable","Canonicalised"
"https://help.docstation.co/en/collections/1838431-docstation-payment-programs","0","0","0","0","","Non-Indexable","Canonicalised"
"https://docstation.co/blog/3","0","0","0","0","","Indexable",""
"https://docstation.co/blog/2","0","0","0","0","","Indexable",""
"https://docstation.co/blog/lessons-from-the-road","0","0","0","0","","Indexable",""
"https://docstation.co/legal/responsible-disclosure","0","0","0","0","","Indexable",""
"https://blackbird.docstation.co/?p=%2Fsolutions%2Fhealth-plans&h=https%3A%2F%2Fdocstation.co&r=&sid=HOTVIUAS&qs={}&cid=45994053","0","0","0","0","","Indexable",""
"https://help.docstation.co/en/articles/6177671-diabetes-eye-exam-assessment","0","0","0","0","","Non-Indexable","Canonicalised"
"https://docstation.co/features/billing-revenue","0","0","0","0","","Indexable",""
"https://help.docstation.co/en/collections/1838427-account-management","0","0","0","0","","Non-Indexable","Canonicalised"
"https://help.docstation.co/en/articles/3094122-login-access-expired","0","0","0","0","","Non-Indexable","Canonicalised"
"https://docstation.co/blog/leveraging-technology-for-value-based-pharmacy-models","0","0","0","0","","Indexable",""
"https://docstation.co/","0","0","0","0","","Indexable",""
"https://status.docstation.co/history/92ccb529d9ff","0","0","0","0","","Indexable",""
"https://docstation.co/blog/the-freecare-plan-for-pharmacists","0","0","0","0","","Indexable",""
"https://docstation.co/blog/wait-can-pharmacists-bill-for-the-coronavirus-test","0","0","0","0","","Indexable",""
"https://docstation.co/legal/terms-of-service","0","0","0","0","","Indexable",""
"https://help.docstation.co/en/collections/1609111-docstation-tasks","0","0","0","0","","Non-Indexable","Canonicalised"
"https://help.docstation.co/en/articles/5076940-getting-started-with-claims-and-billing","0","0","0","0","","Non-Indexable","Canonicalised"
"https://help.docstation.co/en/articles/4151492-importing-a-csv-file","0","0","0","0","","Non-Indexable","Canonicalised"
"https://docstation.co/blog","0","0","0","0","","Indexable",""
"https://status.docstation.co/history/339a6d9fa538","0","0","0","0","","Indexable",""
"https://docstation.co/blog/meet-chris","0","0","0","0","","Indexable",""
"https://docstation.co/solutions","0","0","0","0","","Indexable",""
"https://blackbird.docstation.co/?p=%2Fcompany&h=https%3A%2F%2Fdocstation.co&r=&sid=HOTVIUAS&qs={}&cid=8491885","0","0","0","0","","Indexable",""
"https://help.docstation.co/en/articles/4381072-north-dakota-medicaid-mtm-program","0","0","0","0","","Non-Indexable","Canonicalised"
"https://help.docstation.co/en/articles/3063067-add-a-new-team-member-user","0","0","0","0","","Non-Indexable","Canonicalised"
"https://docstation.co/legal/add-on-terms","0","0","0","0","","Indexable",""
"https://docstation.co/blog/docstation-raises-3-1m-to-make-pharmacists-front-line-providers","0","0","0","0","","Indexable",""
"https://help.docstation.co/en/articles/3028288-training-for-new-users","0","0","0","0","","Non-Indexable","Canonicalised"
"https://docstation.co/blog/meet-rishi","0","0","0","0","","Indexable",""
"https://docstation.co/solutions/employers","0","0","0","0","","Indexable",""
"https://docstation.co/solutions/medicare","0","0","0","0","","Indexable",""
"https://docstation.co/features/connectivity-integration","0","0","0","0","","Indexable",""
"https://help.docstation.co/en/collections/2222973-covid-19-resources","0","0","0","0","","Non-Indexable","Canonicalised"
"https://help.docstation.co/en/articles/3472434-pharmacy-innovators-meetings-and-community-resources","0","0","0","0","","Non-Indexable","Canonicalised"
"https://blackbird.docstation.co/?p=%2F&h=https%3A%2F%2Fdocstation.co&r=&sid=HOTVIUAS&qs={}&cid=2348002","0","0","0","0","","Indexable",""
"https://help.docstation.co/en/articles/3063073-how-to-sign-up-for-docstation","0","0","0","0","","Non-Indexable","Canonicalised"
"https://docstation.co/blog/the-future-of-pharmacy-is-value-based-part-two","0","0","0","0","","Indexable",""
"https://docstation.co/features/patient-case-management","0","0","0","0","","Indexable",""
"https://docstation.co/blog/meet-samm","0","0","0","0","","Indexable",""
"https://help.docstation.co/en/articles/3636468-pharmacist-ecare-plans","0","0","0","0","","Non-Indexable","Canonicalised"
"https://docstation.co/solutions/medicaid","0","0","0","0","","Indexable",""
"https://docstation.co/features/value-based-pharmacy","0","0","0","0","","Indexable",""
"https://docstation.co/blog/meet-aubree","0","0","0","0","","Indexable",""
"https://help.docstation.co/en/articles/5359885-one-program-screening-follow-up-task","0","0","0","0","","Non-Indexable","Canonicalised"
"https://help.docstation.co/en/articles/4499211-single-sign-on-sso-for-enterprise-accounts","0","0","0","0","","Non-Indexable","Canonicalised"
"https://help.docstation.co/en/articles/5168263-north-dakota-one-program-details","0","0","0","0","","Non-Indexable","Canonicalised"
"https://help.docstation.co/en/collections/2461790-getting-started-with-docstation","0","0","0","0","","Non-Indexable","Canonicalised"
"https://docstation.co/solutions/health-plans","0","0","0","0","","Indexable",""
"https://docstation.co/blog/docstations-tour-de-pharmacies-2018","0","0","0","0","","Indexable",""
"https://help.docstation.co/en/articles/3063063-how-to-change-or-reset-your-password","0","0","0","0","","Non-Indexable","Canonicalised"
"https://docstation.co/blog/meet-simon","0","0","0","0","","Indexable",""
"https://help.docstation.co/en/articles/3028259-pharmacy-technicians-and-students","0","0","0","0","","Non-Indexable","Canonicalised"
"https://docstation.co/solutions/pharmacies","0","0","0","0","","Indexable",""
"https://docstation.co/blog/meet-jeff","0","0","0","0","","Indexable",""
"https://blackbird.docstation.co/?p=%2Ffeatures%2Fbilling-revenue&h=https%3A%2F%2Fdocstation.co&r=&sid=HOTVIUAS&qs={}&cid=69901883","0","0","0","0","","Indexable",""
"https://docstation.co/blog/the-case-for-specialty-pharmacy-data-standards","0","0","0","0","","Indexable",""
"https://landing.docstation.co/notify","0","0","0","0","","Indexable",""
"https://help.docstation.co/en/articles/4677317-north-dakota-medicaid-mtm-program-how-to-get-started","0","0","0","0","","Non-Indexable","Canonicalised"
"https://docstation.co/features","0","0","0","0","","Indexable",""
"https://help.docstation.co/en/articles/4677469-forwardhealth-mtm-program-how-to-get-started","0","0","0","0","","Non-Indexable","Canonicalised"
"https://help.docstation.co/en/articles/4169699-enabling-integrations","0","0","0","0","","Non-Indexable","Canonicalised"
