﻿"Address","Content Type","Status Code","Status","Indexability","Indexability Status","Hash","Length","Canonical Link Element 1","URL Encoded Address"
"https://blackbird.docstation.co/?p=%2Flegal%2Fterms-of-service&h=https%3A%2F%2Fdocstation.co&r=&sid=HOTVIUAS&qs={}&cid=24497161","text/html; charset=UTF-8","200","","Indexable","","86707e4369f60afedcafb16050a7618","127","","https://blackbird.docstation.co/?p=%2Flegal%2Fterms-of-service&h=https%3A%2F%2Fdocstation.co&r=&sid=HOTVIUAS&qs=%7B%7D&cid=24497161"
"https://blackbird.docstation.co/?p=%2Fblog%2Fthe-future-of-pharmacy-is-value-based-part-two&h=https%3A%2F%2Fdocstation.co&r=&sid=HOTVIUAS&qs={}&cid=2260530","text/html","403","","Non-Indexable","Client Error","","155","","https://blackbird.docstation.co/?p=%2Fblog%2Fthe-future-of-pharmacy-is-value-based-part-two&h=https%3A%2F%2Fdocstation.co&r=&sid=HOTVIUAS&qs=%7B%7D&cid=2260530"
"https://blackbird.docstation.co/?p=%2Fsecurity&h=https%3A%2F%2Fdocstation.co&r=&sid=HOTVIUAS&qs={}&cid=87024426","text/html; charset=UTF-8","200","","Indexable","","86707e4369f60afedcafb16050a7618","111","","https://blackbird.docstation.co/?p=%2Fsecurity&h=https%3A%2F%2Fdocstation.co&r=&sid=HOTVIUAS&qs=%7B%7D&cid=87024426"
"https://blackbird.docstation.co/?p=%2Flegal%2Fprivacy-policy&h=https%3A%2F%2Fdocstation.co&r=&sid=HOTVIUAS&qs={}&cid=77466418","text/html","403","","Non-Indexable","Client Error","","125","","https://blackbird.docstation.co/?p=%2Flegal%2Fprivacy-policy&h=https%3A%2F%2Fdocstation.co&r=&sid=HOTVIUAS&qs=%7B%7D&cid=77466418"
"https://blackbird.docstation.co/?p=%2Flegal%2Fterms-of-service&h=https%3A%2F%2Fdocstation.co&r=&sid=HOTVIUAS&qs={}&cid=53953065","text/html","403","","Non-Indexable","Client Error","","127","","https://blackbird.docstation.co/?p=%2Flegal%2Fterms-of-service&h=https%3A%2F%2Fdocstation.co&r=&sid=HOTVIUAS&qs=%7B%7D&cid=53953065"
"https://blackbird.docstation.co/?p=%2Fblog%2Flessons-from-the-road&h=https%3A%2F%2Fdocstation.co&r=&sid=HOTVIUAS&qs={}&cid=85281724","text/html","403","","Non-Indexable","Client Error","","131","","https://blackbird.docstation.co/?p=%2Fblog%2Flessons-from-the-road&h=https%3A%2F%2Fdocstation.co&r=&sid=HOTVIUAS&qs=%7B%7D&cid=85281724"
"https://blackbird.docstation.co/?p=%2Fblog%2Fthe-pharmacist-ecare-plan&h=https%3A%2F%2Fdocstation.co&r=&sid=HOTVIUAS&qs={}&cid=99442131","text/html","403","","Non-Indexable","Client Error","","135","","https://blackbird.docstation.co/?p=%2Fblog%2Fthe-pharmacist-ecare-plan&h=https%3A%2F%2Fdocstation.co&r=&sid=HOTVIUAS&qs=%7B%7D&cid=99442131"
"https://blackbird.docstation.co/?p=%2Flegal%2Fadd-on-terms&h=https%3A%2F%2Fdocstation.co&r=&sid=HOTVIUAS&qs={}&cid=90615262","text/html","403","","Non-Indexable","Client Error","","123","","https://blackbird.docstation.co/?p=%2Flegal%2Fadd-on-terms&h=https%3A%2F%2Fdocstation.co&r=&sid=HOTVIUAS&qs=%7B%7D&cid=90615262"
"https://blackbird.docstation.co/?p=%2Fblog%2Fstaying-sane-while-working-remotely-tips-from-a-healthcare-company&h=https%3A%2F%2Fdocstation.co&r=&sid=HOTVIUAS&qs={}&cid=36006220","text/html","403","","Non-Indexable","Client Error","","176","","https://blackbird.docstation.co/?p=%2Fblog%2Fstaying-sane-while-working-remotely-tips-from-a-healthcare-company&h=https%3A%2F%2Fdocstation.co&r=&sid=HOTVIUAS&qs=%7B%7D&cid=36006220"
"https://blackbird.docstation.co/?p=%2Fsolutions&h=https%3A%2F%2Fdocstation.co&r=&sid=HOTVIUAS&qs={}&cid=72433086","text/html","403","","Non-Indexable","Client Error","","112","","https://blackbird.docstation.co/?p=%2Fsolutions&h=https%3A%2F%2Fdocstation.co&r=&sid=HOTVIUAS&qs=%7B%7D&cid=72433086"
"https://blackbird.docstation.co/?p=%2Fblog%2Fwhat-the-new-cms-proposed-rule-means-for-mtm-programs-in-2021&h=https%3A%2F%2Fdocstation.co&r=&sid=HOTVIUAS&qs={}&cid=95834128","text/html","403","","Non-Indexable","Client Error","","171","","https://blackbird.docstation.co/?p=%2Fblog%2Fwhat-the-new-cms-proposed-rule-means-for-mtm-programs-in-2021&h=https%3A%2F%2Fdocstation.co&r=&sid=HOTVIUAS&qs=%7B%7D&cid=95834128"
"https://blackbird.docstation.co/?p=%2Fblog%2Fmeet-amanda&h=https%3A%2F%2Fdocstation.co&r=&sid=HOTVIUAS&qs={}&cid=56694463","text/html","403","","Non-Indexable","Client Error","","121","","https://blackbird.docstation.co/?p=%2Fblog%2Fmeet-amanda&h=https%3A%2F%2Fdocstation.co&r=&sid=HOTVIUAS&qs=%7B%7D&cid=56694463"
"https://blackbird.docstation.co/?p=%2Flegal%2Fbusiness-associate-agreement&h=https%3A%2F%2Fdocstation.co&r=&sid=HOTVIUAS&qs={}&cid=56371462","text/html","403","","Non-Indexable","Client Error","","139","","https://blackbird.docstation.co/?p=%2Flegal%2Fbusiness-associate-agreement&h=https%3A%2F%2Fdocstation.co&r=&sid=HOTVIUAS&qs=%7B%7D&cid=56371462"
"https://blackbird.docstation.co/?p=%2Fblog%2F3&h=https%3A%2F%2Fdocstation.co&r=&sid=HOTVIUAS&qs={}&cid=21032372","text/html","403","","Non-Indexable","Client Error","","111","","https://blackbird.docstation.co/?p=%2Fblog%2F3&h=https%3A%2F%2Fdocstation.co&r=&sid=HOTVIUAS&qs=%7B%7D&cid=21032372"
"https://blackbird.docstation.co/?p=%2Fblog%2Fleveraging-technology-for-value-based-pharmacy-models&h=https%3A%2F%2Fdocstation.co&r=&sid=HOTVIUAS&qs={}&cid=69495574","text/html","403","","Non-Indexable","Client Error","","163","","https://blackbird.docstation.co/?p=%2Fblog%2Fleveraging-technology-for-value-based-pharmacy-models&h=https%3A%2F%2Fdocstation.co&r=&sid=HOTVIUAS&qs=%7B%7D&cid=69495574"
"https://accounts.docstation.co/authorize?client_id=8rbCx1XV9cfU4XAQr5McVhVgJEiZh3KO&response_type=token%20id_token&response_mode=web_message&redirect_uri=https%3A%2F%2Fapp.docstation.co%2Fapi%2Faccount%2Fcallback&scope=openid%20profile%20email&state=KEEda4XW-gxpY9LdBaTneyW21u80Ntzl3UGE&nonce=fZNMClzhHk2oQFNfCr.v7MHhBiAG-j2b&prompt=none&auth0Client=eyJuYW1lIjoibG9jay5qcyIsInZlcnNpb24iOiIxMS4zMC4xIiwiZW52Ijp7ImF1dGgwLmpzIjoiOS4xNi4yIiwiYXV0aDAuanMtdWxwIjoiOS4xNi4yIn19","text/html;charset=UTF-8","200","","Indexable","","f08a867c124571b70fb735c38d72dca4","470","","https://accounts.docstation.co/authorize?client_id=8rbCx1XV9cfU4XAQr5McVhVgJEiZh3KO&response_type=token%20id_token&response_mode=web_message&redirect_uri=https%3A%2F%2Fapp.docstation.co%2Fapi%2Faccount%2Fcallback&scope=openid%20profile%20email&state=KEEda4XW-gxpY9LdBaTneyW21u80Ntzl3UGE&nonce=fZNMClzhHk2oQFNfCr.v7MHhBiAG-j2b&prompt=none&auth0Client=eyJuYW1lIjoibG9jay5qcyIsInZlcnNpb24iOiIxMS4zMC4xIiwiZW52Ijp7ImF1dGgwLmpzIjoiOS4xNi4yIiwiYXV0aDAuanMtdWxwIjoiOS4xNi4yIn19"
"https://blackbird.docstation.co/?p=%2Fblog%2Fmeet-john&h=https%3A%2F%2Fdocstation.co&r=&sid=HOTVIUAS&qs={}&cid=3430896","text/html","403","","Non-Indexable","Client Error","","118","","https://blackbird.docstation.co/?p=%2Fblog%2Fmeet-john&h=https%3A%2F%2Fdocstation.co&r=&sid=HOTVIUAS&qs=%7B%7D&cid=3430896"
"https://blackbird.docstation.co/?p=%2Ffeatures%2Fvalue-based-pharmacy&h=https%3A%2F%2Fdocstation.co&r=&sid=HOTVIUAS&qs={}&cid=43802631","text/html","403","","Non-Indexable","Client Error","","134","","https://blackbird.docstation.co/?p=%2Ffeatures%2Fvalue-based-pharmacy&h=https%3A%2F%2Fdocstation.co&r=&sid=HOTVIUAS&qs=%7B%7D&cid=43802631"
"https://blackbird.docstation.co/?p=%2Fblog%2Fmeet-aubree&h=https%3A%2F%2Fdocstation.co&r=&sid=HOTVIUAS&qs={}&cid=77875351","text/html","403","","Non-Indexable","Client Error","","121","","https://blackbird.docstation.co/?p=%2Fblog%2Fmeet-aubree&h=https%3A%2F%2Fdocstation.co&r=&sid=HOTVIUAS&qs=%7B%7D&cid=77875351"
"https://blackbird.docstation.co/?p=%2Fblog%2F2&h=https%3A%2F%2Fdocstation.co&r=&sid=HOTVIUAS&qs={}&cid=12474634","text/html","403","","Non-Indexable","Client Error","","111","","https://blackbird.docstation.co/?p=%2Fblog%2F2&h=https%3A%2F%2Fdocstation.co&r=&sid=HOTVIUAS&qs=%7B%7D&cid=12474634"
"https://blackbird.docstation.co/?p=%2Fblog%2F2&h=https%3A%2F%2Fdocstation.co&r=&sid=HOTVIUAS&qs={}&cid=88732904","text/html","403","","Non-Indexable","Client Error","","111","","https://blackbird.docstation.co/?p=%2Fblog%2F2&h=https%3A%2F%2Fdocstation.co&r=&sid=HOTVIUAS&qs=%7B%7D&cid=88732904"
"https://blackbird.docstation.co/?p=%2Fsolutions%2Femployers&h=https%3A%2F%2Fdocstation.co&r=&sid=HOTVIUAS&qs={}&cid=26990623","text/html","403","","Non-Indexable","Client Error","","124","","https://blackbird.docstation.co/?p=%2Fsolutions%2Femployers&h=https%3A%2F%2Fdocstation.co&r=&sid=HOTVIUAS&qs=%7B%7D&cid=26990623"
"https://blackbird.docstation.co/?p=%2Ffeatures%2Fconnectivity-integration&h=https%3A%2F%2Fdocstation.co&r=&sid=HOTVIUAS&qs={}&cid=64050333","text/html","403","","Non-Indexable","Client Error","","138","","https://blackbird.docstation.co/?p=%2Ffeatures%2Fconnectivity-integration&h=https%3A%2F%2Fdocstation.co&r=&sid=HOTVIUAS&qs=%7B%7D&cid=64050333"
"https://blackbird.docstation.co/?p=%2Flegal%2Fvendor-baa&h=https%3A%2F%2Fdocstation.co&r=&sid=HOTVIUAS&qs={}&cid=63795120","text/html","403","","Non-Indexable","Client Error","","121","","https://blackbird.docstation.co/?p=%2Flegal%2Fvendor-baa&h=https%3A%2F%2Fdocstation.co&r=&sid=HOTVIUAS&qs=%7B%7D&cid=63795120"
"https://blackbird.docstation.co/?p=%2Flegal%2Fadd-on-terms&h=https%3A%2F%2Fdocstation.co&r=&sid=HOTVIUAS&qs={}&cid=78359354","text/html","403","","Non-Indexable","Client Error","","123","","https://blackbird.docstation.co/?p=%2Flegal%2Fadd-on-terms&h=https%3A%2F%2Fdocstation.co&r=&sid=HOTVIUAS&qs=%7B%7D&cid=78359354"
"https://blackbird.docstation.co/?p=%2Fblog%2Fmeet-christine&h=https%3A%2F%2Fdocstation.co&r=&sid=HOTVIUAS&qs={}&cid=92347204","text/html","403","","Non-Indexable","Client Error","","124","","https://blackbird.docstation.co/?p=%2Fblog%2Fmeet-christine&h=https%3A%2F%2Fdocstation.co&r=&sid=HOTVIUAS&qs=%7B%7D&cid=92347204"
"https://blackbird.docstation.co/?p=%2Ffeatures%2Fvalue-based-pharmacy&h=https%3A%2F%2Fdocstation.co&r=&sid=HOTVIUAS&qs={}&cid=20534447","text/html","403","","Non-Indexable","Client Error","","134","","https://blackbird.docstation.co/?p=%2Ffeatures%2Fvalue-based-pharmacy&h=https%3A%2F%2Fdocstation.co&r=&sid=HOTVIUAS&qs=%7B%7D&cid=20534447"
"https://blackbird.docstation.co/?p=%2Ffeatures%2Fpatient-case-management&h=https%3A%2F%2Fdocstation.co&r=&sid=HOTVIUAS&qs={}&cid=35866883","text/html","403","","Non-Indexable","Client Error","","137","","https://blackbird.docstation.co/?p=%2Ffeatures%2Fpatient-case-management&h=https%3A%2F%2Fdocstation.co&r=&sid=HOTVIUAS&qs=%7B%7D&cid=35866883"
"https://blackbird.docstation.co/?p=%2Fblog%2Fmeet-amanda&h=https%3A%2F%2Fdocstation.co&r=&sid=HOTVIUAS&qs={}&cid=22483733","text/html","403","","Non-Indexable","Client Error","","121","","https://blackbird.docstation.co/?p=%2Fblog%2Fmeet-amanda&h=https%3A%2F%2Fdocstation.co&r=&sid=HOTVIUAS&qs=%7B%7D&cid=22483733"
"https://blackbird.docstation.co/?p=%2Fblog%2Fmeet-simon&h=https%3A%2F%2Fdocstation.co&r=&sid=HOTVIUAS&qs={}&cid=66276785","text/html","403","","Non-Indexable","Client Error","","120","","https://blackbird.docstation.co/?p=%2Fblog%2Fmeet-simon&h=https%3A%2F%2Fdocstation.co&r=&sid=HOTVIUAS&qs=%7B%7D&cid=66276785"
"https://blackbird.docstation.co/?p=%2Fblog%2Fthe-future-of-pharmacy-is-value-based-part-two&h=https%3A%2F%2Fdocstation.co&r=&sid=HOTVIUAS&qs={}&cid=4102313","text/html","403","","Non-Indexable","Client Error","","155","","https://blackbird.docstation.co/?p=%2Fblog%2Fthe-future-of-pharmacy-is-value-based-part-two&h=https%3A%2F%2Fdocstation.co&r=&sid=HOTVIUAS&qs=%7B%7D&cid=4102313"
"https://blackbird.docstation.co/?p=%2Fblog%2Fmeet-chris&h=https%3A%2F%2Fdocstation.co&r=&sid=HOTVIUAS&qs={}&cid=50201273","text/html","403","","Non-Indexable","Client Error","","120","","https://blackbird.docstation.co/?p=%2Fblog%2Fmeet-chris&h=https%3A%2F%2Fdocstation.co&r=&sid=HOTVIUAS&qs=%7B%7D&cid=50201273"
"https://blackbird.docstation.co/?p=%2Ffeatures%2Fclinical-intelligence&h=https%3A%2F%2Fdocstation.co&r=&sid=HOTVIUAS&qs={}&cid=23568666","text/html","403","","Non-Indexable","Client Error","","135","","https://blackbird.docstation.co/?p=%2Ffeatures%2Fclinical-intelligence&h=https%3A%2F%2Fdocstation.co&r=&sid=HOTVIUAS&qs=%7B%7D&cid=23568666"
"https://blackbird.docstation.co/?p=%2Fsecurity&h=https%3A%2F%2Fdocstation.co&r=&sid=HOTVIUAS&qs={}&cid=84167819","text/html","403","","Non-Indexable","Client Error","","111","","https://blackbird.docstation.co/?p=%2Fsecurity&h=https%3A%2F%2Fdocstation.co&r=&sid=HOTVIUAS&qs=%7B%7D&cid=84167819"
"https://blackbird.docstation.co/?p=%2Fblog%2Fthe-case-for-specialty-pharmacy-data-standards&h=https%3A%2F%2Fdocstation.co&r=&sid=HOTVIUAS&qs={}&cid=28602043","text/html","403","","Non-Indexable","Client Error","","156","","https://blackbird.docstation.co/?p=%2Fblog%2Fthe-case-for-specialty-pharmacy-data-standards&h=https%3A%2F%2Fdocstation.co&r=&sid=HOTVIUAS&qs=%7B%7D&cid=28602043"
"https://blackbird.docstation.co/?p=%2F&h=https%3A%2F%2Fdocstation.co&r=&sid=HOTVIUAS&qs={}&cid=32098627","text/html; charset=UTF-8","200","","Indexable","","86707e4369f60afedcafb16050a7618","103","","https://blackbird.docstation.co/?p=%2F&h=https%3A%2F%2Fdocstation.co&r=&sid=HOTVIUAS&qs=%7B%7D&cid=32098627"
"https://blackbird.docstation.co/?p=%2Fsolutions%2Fhealth-plans&h=https%3A%2F%2Fdocstation.co&r=&sid=HOTVIUAS&qs={}&cid=51113981","text/html; charset=UTF-8","200","","Indexable","","86707e4369f60afedcafb16050a7618","127","","https://blackbird.docstation.co/?p=%2Fsolutions%2Fhealth-plans&h=https%3A%2F%2Fdocstation.co&r=&sid=HOTVIUAS&qs=%7B%7D&cid=51113981"
"https://blackbird.docstation.co/?p=%2Fblog%2F3&h=https%3A%2F%2Fdocstation.co&r=&sid=HOTVIUAS&qs={}&cid=73522289","text/html","403","","Non-Indexable","Client Error","","111","","https://blackbird.docstation.co/?p=%2Fblog%2F3&h=https%3A%2F%2Fdocstation.co&r=&sid=HOTVIUAS&qs=%7B%7D&cid=73522289"
"https://blackbird.docstation.co/?p=%2Fblog%2Fwhat-the-new-cms-proposed-rule-means-for-mtm-programs-in-2021&h=https%3A%2F%2Fdocstation.co&r=&sid=HOTVIUAS&qs={}&cid=64588604","text/html","403","","Non-Indexable","Client Error","","171","","https://blackbird.docstation.co/?p=%2Fblog%2Fwhat-the-new-cms-proposed-rule-means-for-mtm-programs-in-2021&h=https%3A%2F%2Fdocstation.co&r=&sid=HOTVIUAS&qs=%7B%7D&cid=64588604"
"https://blackbird.docstation.co/?p=%2Fblog%2Fdocstation-released-to-pharmacy-innovators&h=https%3A%2F%2Fdocstation.co&r=&sid=HOTVIUAS&qs={}&cid=56845937","text/html","403","","Non-Indexable","Client Error","","152","","https://blackbird.docstation.co/?p=%2Fblog%2Fdocstation-released-to-pharmacy-innovators&h=https%3A%2F%2Fdocstation.co&r=&sid=HOTVIUAS&qs=%7B%7D&cid=56845937"
"https://blackbird.docstation.co/?p=%2Fblog%2Fpharmacists-on-the-front-line&h=https%3A%2F%2Fdocstation.co&r=&sid=HOTVIUAS&qs={}&cid=37422452","text/html","403","","Non-Indexable","Client Error","","139","","https://blackbird.docstation.co/?p=%2Fblog%2Fpharmacists-on-the-front-line&h=https%3A%2F%2Fdocstation.co&r=&sid=HOTVIUAS&qs=%7B%7D&cid=37422452"
"https://blackbird.docstation.co/?p=%2Fblog%2Fwait-can-pharmacists-bill-for-the-coronavirus-test&h=https%3A%2F%2Fdocstation.co&r=&sid=HOTVIUAS&qs={}&cid=24181902","text/html","403","","Non-Indexable","Client Error","","160","","https://blackbird.docstation.co/?p=%2Fblog%2Fwait-can-pharmacists-bill-for-the-coronavirus-test&h=https%3A%2F%2Fdocstation.co&r=&sid=HOTVIUAS&qs=%7B%7D&cid=24181902"
"https://blackbird.docstation.co/?p=%2Fblog%2Fmeet-simon&h=https%3A%2F%2Fdocstation.co&r=&sid=HOTVIUAS&qs={}&cid=36452003","text/html","403","","Non-Indexable","Client Error","","120","","https://blackbird.docstation.co/?p=%2Fblog%2Fmeet-simon&h=https%3A%2F%2Fdocstation.co&r=&sid=HOTVIUAS&qs=%7B%7D&cid=36452003"
"https://blackbird.docstation.co/?p=%2Fblog%2Fstaying-sane-while-working-remotely-tips-from-a-healthcare-company&h=https%3A%2F%2Fdocstation.co&r=&sid=HOTVIUAS&qs={}&cid=52982923","text/html","403","","Non-Indexable","Client Error","","176","","https://blackbird.docstation.co/?p=%2Fblog%2Fstaying-sane-while-working-remotely-tips-from-a-healthcare-company&h=https%3A%2F%2Fdocstation.co&r=&sid=HOTVIUAS&qs=%7B%7D&cid=52982923"
"https://blackbird.docstation.co/?p=%2Fblog%2Fdocstations-tour-de-pharmacies-2018&h=https%3A%2F%2Fdocstation.co&r=&sid=HOTVIUAS&qs={}&cid=15361414","text/html","403","","Non-Indexable","Client Error","","145","","https://blackbird.docstation.co/?p=%2Fblog%2Fdocstations-tour-de-pharmacies-2018&h=https%3A%2F%2Fdocstation.co&r=&sid=HOTVIUAS&qs=%7B%7D&cid=15361414"
"https://blackbird.docstation.co/?p=%2Fblog%2Fpharmacists-on-the-front-line&h=https%3A%2F%2Fdocstation.co&r=&sid=HOTVIUAS&qs={}&cid=3250379","text/html","403","","Non-Indexable","Client Error","","138","","https://blackbird.docstation.co/?p=%2Fblog%2Fpharmacists-on-the-front-line&h=https%3A%2F%2Fdocstation.co&r=&sid=HOTVIUAS&qs=%7B%7D&cid=3250379"
"https://blackbird.docstation.co/?p=%2Ffeatures%2Fpatient-case-management&h=https%3A%2F%2Fdocstation.co&r=&sid=HOTVIUAS&qs={}&cid=30442594","text/html","403","","Non-Indexable","Client Error","","137","","https://blackbird.docstation.co/?p=%2Ffeatures%2Fpatient-case-management&h=https%3A%2F%2Fdocstation.co&r=&sid=HOTVIUAS&qs=%7B%7D&cid=30442594"
"https://blackbird.docstation.co/?p=%2Fcompany&h=https%3A%2F%2Fdocstation.co&r=&sid=HOTVIUAS&qs={}&cid=6652663","text/html","403","","Non-Indexable","Client Error","","109","","https://blackbird.docstation.co/?p=%2Fcompany&h=https%3A%2F%2Fdocstation.co&r=&sid=HOTVIUAS&qs=%7B%7D&cid=6652663"
"https://blackbird.docstation.co/?p=%2Fblog%2Fdocstation-released-to-pharmacy-innovators&h=https%3A%2F%2Fdocstation.co&r=&sid=HOTVIUAS&qs={}&cid=16190619","text/html","403","","Non-Indexable","Client Error","","152","","https://blackbird.docstation.co/?p=%2Fblog%2Fdocstation-released-to-pharmacy-innovators&h=https%3A%2F%2Fdocstation.co&r=&sid=HOTVIUAS&qs=%7B%7D&cid=16190619"
"https://blackbird.docstation.co/?p=%2Fblog%2Fdocstation-partners-with-one-rx-to-combat-opioid-misuse-in-north-dakota&h=https%3A%2F%2Fdocstation.co&r=&sid=HOTVIUAS&qs={}&cid=23636886","text/html","403","","Non-Indexable","Client Error","","181","","https://blackbird.docstation.co/?p=%2Fblog%2Fdocstation-partners-with-one-rx-to-combat-opioid-misuse-in-north-dakota&h=https%3A%2F%2Fdocstation.co&r=&sid=HOTVIUAS&qs=%7B%7D&cid=23636886"
"https://blackbird.docstation.co/?p=%2Fblog%2Fmeet-jeff&h=https%3A%2F%2Fdocstation.co&r=&sid=HOTVIUAS&qs={}&cid=30757541","text/html","403","","Non-Indexable","Client Error","","119","","https://blackbird.docstation.co/?p=%2Fblog%2Fmeet-jeff&h=https%3A%2F%2Fdocstation.co&r=&sid=HOTVIUAS&qs=%7B%7D&cid=30757541"
"https://blackbird.docstation.co/?p=%2Fblog%2Fwait-can-pharmacists-bill-for-the-coronavirus-test&h=https%3A%2F%2Fdocstation.co&r=&sid=HOTVIUAS&qs={}&cid=7622924","text/html","403","","Non-Indexable","Client Error","","159","","https://blackbird.docstation.co/?p=%2Fblog%2Fwait-can-pharmacists-bill-for-the-coronavirus-test&h=https%3A%2F%2Fdocstation.co&r=&sid=HOTVIUAS&qs=%7B%7D&cid=7622924"
"https://blackbird.docstation.co/?p=%2Fblog%2Fmeet-josh&h=https%3A%2F%2Fdocstation.co&r=&sid=HOTVIUAS&qs={}&cid=14873855","text/html","403","","Non-Indexable","Client Error","","119","","https://blackbird.docstation.co/?p=%2Fblog%2Fmeet-josh&h=https%3A%2F%2Fdocstation.co&r=&sid=HOTVIUAS&qs=%7B%7D&cid=14873855"
"https://blackbird.docstation.co/?p=%2Fblog%2Fmeet-jeff&h=https%3A%2F%2Fdocstation.co&r=&sid=HOTVIUAS&qs={}&cid=27013210","text/html","403","","Non-Indexable","Client Error","","119","","https://blackbird.docstation.co/?p=%2Fblog%2Fmeet-jeff&h=https%3A%2F%2Fdocstation.co&r=&sid=HOTVIUAS&qs=%7B%7D&cid=27013210"
"https://blackbird.docstation.co/?p=%2Fblog%2Fmeet-rishi&h=https%3A%2F%2Fdocstation.co&r=&sid=HOTVIUAS&qs={}&cid=39886709","text/html","403","","Non-Indexable","Client Error","","120","","https://blackbird.docstation.co/?p=%2Fblog%2Fmeet-rishi&h=https%3A%2F%2Fdocstation.co&r=&sid=HOTVIUAS&qs=%7B%7D&cid=39886709"
"https://blackbird.docstation.co/?p=%2Fblog%2Fthe-case-for-specialty-pharmacy-data-standards&h=https%3A%2F%2Fdocstation.co&r=&sid=HOTVIUAS&qs={}&cid=41696506","text/html","403","","Non-Indexable","Client Error","","156","","https://blackbird.docstation.co/?p=%2Fblog%2Fthe-case-for-specialty-pharmacy-data-standards&h=https%3A%2F%2Fdocstation.co&r=&sid=HOTVIUAS&qs=%7B%7D&cid=41696506"
"https://blackbird.docstation.co/?p=%2Fsolutions%2Fhealth-plans&h=https%3A%2F%2Fdocstation.co&r=&sid=HOTVIUAS&qs={}&cid=45994053","text/html; charset=UTF-8","200","","Indexable","","86707e4369f60afedcafb16050a7618","127","","https://blackbird.docstation.co/?p=%2Fsolutions%2Fhealth-plans&h=https%3A%2F%2Fdocstation.co&r=&sid=HOTVIUAS&qs=%7B%7D&cid=45994053"
"https://blackbird.docstation.co/?p=%2Fblog%2Fmeet-rishi&h=https%3A%2F%2Fdocstation.co&r=&sid=HOTVIUAS&qs={}&cid=28505630","text/html","403","","Non-Indexable","Client Error","","120","","https://blackbird.docstation.co/?p=%2Fblog%2Fmeet-rishi&h=https%3A%2F%2Fdocstation.co&r=&sid=HOTVIUAS&qs=%7B%7D&cid=28505630"
"https://blackbird.docstation.co/?p=%2Fblog%2Fmeet-aubree&h=https%3A%2F%2Fdocstation.co&r=&sid=HOTVIUAS&qs={}&cid=88500145","text/html","403","","Non-Indexable","Client Error","","121","","https://blackbird.docstation.co/?p=%2Fblog%2Fmeet-aubree&h=https%3A%2F%2Fdocstation.co&r=&sid=HOTVIUAS&qs=%7B%7D&cid=88500145"
"https://blackbird.docstation.co/?p=%2Fblog%2Fpharmacist-providers-an-untapped-healthcare-resource&h=https%3A%2F%2Fdocstation.co&r=&sid=HOTVIUAS&qs={}&cid=97391177","text/html","403","","Non-Indexable","Client Error","","162","","https://blackbird.docstation.co/?p=%2Fblog%2Fpharmacist-providers-an-untapped-healthcare-resource&h=https%3A%2F%2Fdocstation.co&r=&sid=HOTVIUAS&qs=%7B%7D&cid=97391177"
"https://blackbird.docstation.co/?p=%2Fblog%2Fmeet-chris&h=https%3A%2F%2Fdocstation.co&r=&sid=HOTVIUAS&qs={}&cid=64743960","text/html","403","","Non-Indexable","Client Error","","120","","https://blackbird.docstation.co/?p=%2Fblog%2Fmeet-chris&h=https%3A%2F%2Fdocstation.co&r=&sid=HOTVIUAS&qs=%7B%7D&cid=64743960"
"https://blackbird.docstation.co/?p=%2Flegal%2Fresponsible-disclosure&h=https%3A%2F%2Fdocstation.co&r=&sid=HOTVIUAS&qs={}&cid=98050795","text/html","403","","Non-Indexable","Client Error","","133","","https://blackbird.docstation.co/?p=%2Flegal%2Fresponsible-disclosure&h=https%3A%2F%2Fdocstation.co&r=&sid=HOTVIUAS&qs=%7B%7D&cid=98050795"
"https://blackbird.docstation.co/?p=%2Fsolutions%2Femployers&h=https%3A%2F%2Fdocstation.co&r=&sid=HOTVIUAS&qs={}&cid=21297739","text/html","403","","Non-Indexable","Client Error","","124","","https://blackbird.docstation.co/?p=%2Fsolutions%2Femployers&h=https%3A%2F%2Fdocstation.co&r=&sid=HOTVIUAS&qs=%7B%7D&cid=21297739"
"https://blackbird.docstation.co/?p=%2Fblog%2Fthe-applications-of-blockchain-technology-in-healthcare&h=https%3A%2F%2Fdocstation.co&r=&sid=HOTVIUAS&qs={}&cid=36058835","text/html","403","","Non-Indexable","Client Error","","165","","https://blackbird.docstation.co/?p=%2Fblog%2Fthe-applications-of-blockchain-technology-in-healthcare&h=https%3A%2F%2Fdocstation.co&r=&sid=HOTVIUAS&qs=%7B%7D&cid=36058835"
"https://blackbird.docstation.co/?p=%2Fblog%2Fthe-applications-of-blockchain-technology-in-healthcare&h=https%3A%2F%2Fdocstation.co&r=&sid=HOTVIUAS&qs={}&cid=95827707","text/html","403","","Non-Indexable","Client Error","","165","","https://blackbird.docstation.co/?p=%2Fblog%2Fthe-applications-of-blockchain-technology-in-healthcare&h=https%3A%2F%2Fdocstation.co&r=&sid=HOTVIUAS&qs=%7B%7D&cid=95827707"
"https://blackbird.docstation.co/?p=%2Fblog%2Fmeet-josh&h=https%3A%2F%2Fdocstation.co&r=&sid=HOTVIUAS&qs={}&cid=62665314","text/html","403","","Non-Indexable","Client Error","","119","","https://blackbird.docstation.co/?p=%2Fblog%2Fmeet-josh&h=https%3A%2F%2Fdocstation.co&r=&sid=HOTVIUAS&qs=%7B%7D&cid=62665314"
"https://blackbird.docstation.co/?p=%2Ffeatures&h=https%3A%2F%2Fdocstation.co&r=&sid=HOTVIUAS&qs={}&cid=21251033","text/html","403","","Non-Indexable","Client Error","","111","","https://blackbird.docstation.co/?p=%2Ffeatures&h=https%3A%2F%2Fdocstation.co&r=&sid=HOTVIUAS&qs=%7B%7D&cid=21251033"
"https://blackbird.docstation.co/?p=%2Fcompany&h=https%3A%2F%2Fdocstation.co&r=&sid=HOTVIUAS&qs={}&cid=8491885","text/html; charset=UTF-8","200","","Indexable","","86707e4369f60afedcafb16050a7618","109","","https://blackbird.docstation.co/?p=%2Fcompany&h=https%3A%2F%2Fdocstation.co&r=&sid=HOTVIUAS&qs=%7B%7D&cid=8491885"
"https://blackbird.docstation.co/?p=%2Fsolutions%2Fpharmacies&h=https%3A%2F%2Fdocstation.co&r=&sid=HOTVIUAS&qs={}&cid=30096848","text/html","403","","Non-Indexable","Client Error","","125","","https://blackbird.docstation.co/?p=%2Fsolutions%2Fpharmacies&h=https%3A%2F%2Fdocstation.co&r=&sid=HOTVIUAS&qs=%7B%7D&cid=30096848"
"https://blackbird.docstation.co/?p=%2Fblog%2Fpharmacist-providers-an-untapped-healthcare-resource&h=https%3A%2F%2Fdocstation.co&r=&sid=HOTVIUAS&qs={}&cid=93331587","text/html","403","","Non-Indexable","Client Error","","162","","https://blackbird.docstation.co/?p=%2Fblog%2Fpharmacist-providers-an-untapped-healthcare-resource&h=https%3A%2F%2Fdocstation.co&r=&sid=HOTVIUAS&qs=%7B%7D&cid=93331587"
"https://blackbird.docstation.co/?p=%2Flegal%2Fintegration-partner-agreement&h=https%3A%2F%2Fdocstation.co&r=&sid=HOTVIUAS&qs={}&cid=77778187","text/html","403","","Non-Indexable","Client Error","","140","","https://blackbird.docstation.co/?p=%2Flegal%2Fintegration-partner-agreement&h=https%3A%2F%2Fdocstation.co&r=&sid=HOTVIUAS&qs=%7B%7D&cid=77778187"
"https://blackbird.docstation.co/?p=%2Fblog%2Fdocstation-achieves-level-2-capability-for-pharmacist-ecare-plan&h=https%3A%2F%2Fdocstation.co&r=&sid=HOTVIUAS&qs={}&cid=23168168","text/html","403","","Non-Indexable","Client Error","","174","","https://blackbird.docstation.co/?p=%2Fblog%2Fdocstation-achieves-level-2-capability-for-pharmacist-ecare-plan&h=https%3A%2F%2Fdocstation.co&r=&sid=HOTVIUAS&qs=%7B%7D&cid=23168168"
"https://blackbird.docstation.co/?p=%2Fblog%2Fdocstation-raises-3-1m-to-make-pharmacists-front-line-providers&h=https%3A%2F%2Fdocstation.co&r=&sid=HOTVIUAS&qs={}&cid=64148425","text/html","403","","Non-Indexable","Client Error","","173","","https://blackbird.docstation.co/?p=%2Fblog%2Fdocstation-raises-3-1m-to-make-pharmacists-front-line-providers&h=https%3A%2F%2Fdocstation.co&r=&sid=HOTVIUAS&qs=%7B%7D&cid=64148425"
"https://blackbird.docstation.co/?p=%2Ffeatures%2Fconnectivity-integration&h=https%3A%2F%2Fdocstation.co&r=&sid=HOTVIUAS&qs={}&cid=55936580","text/html","403","","Non-Indexable","Client Error","","138","","https://blackbird.docstation.co/?p=%2Ffeatures%2Fconnectivity-integration&h=https%3A%2F%2Fdocstation.co&r=&sid=HOTVIUAS&qs=%7B%7D&cid=55936580"
"https://blackbird.docstation.co/?p=%2Fblog%2Fwhy-pharmacist-provider-status-is-inevitable&h=https%3A%2F%2Fdocstation.co&r=&sid=HOTVIUAS&qs={}&cid=45941915","text/html","403","","Non-Indexable","Client Error","","154","","https://blackbird.docstation.co/?p=%2Fblog%2Fwhy-pharmacist-provider-status-is-inevitable&h=https%3A%2F%2Fdocstation.co&r=&sid=HOTVIUAS&qs=%7B%7D&cid=45941915"
"https://blackbird.docstation.co/?p=%2Fsolutions%2Fmedicaid&h=https%3A%2F%2Fdocstation.co&r=&sid=HOTVIUAS&qs={}&cid=19002676","text/html","403","","Non-Indexable","Client Error","","123","","https://blackbird.docstation.co/?p=%2Fsolutions%2Fmedicaid&h=https%3A%2F%2Fdocstation.co&r=&sid=HOTVIUAS&qs=%7B%7D&cid=19002676"
"https://blackbird.docstation.co/?p=%2Fblog%2Fthe-freecare-plan-for-pharmacists&h=https%3A%2F%2Fdocstation.co&r=&sid=HOTVIUAS&qs={}&cid=8935442","text/html","403","","Non-Indexable","Client Error","","142","","https://blackbird.docstation.co/?p=%2Fblog%2Fthe-freecare-plan-for-pharmacists&h=https%3A%2F%2Fdocstation.co&r=&sid=HOTVIUAS&qs=%7B%7D&cid=8935442"
"https://blackbird.docstation.co/?p=%2F&h=https%3A%2F%2Fdocstation.co&r=&sid=HOTVIUAS&qs={}&cid=2348002","text/html; charset=UTF-8","200","","Indexable","","86707e4369f60afedcafb16050a7618","102","","https://blackbird.docstation.co/?p=%2F&h=https%3A%2F%2Fdocstation.co&r=&sid=HOTVIUAS&qs=%7B%7D&cid=2348002"
"https://blackbird.docstation.co/?p=%2Fblog%2Fmeet-french&h=https%3A%2F%2Fdocstation.co&r=&sid=HOTVIUAS&qs={}&cid=38914567","text/html","403","","Non-Indexable","Client Error","","121","","https://blackbird.docstation.co/?p=%2Fblog%2Fmeet-french&h=https%3A%2F%2Fdocstation.co&r=&sid=HOTVIUAS&qs=%7B%7D&cid=38914567"
"https://blackbird.docstation.co/?p=%2Fblog%2Fmeet-samm&h=https%3A%2F%2Fdocstation.co&r=&sid=HOTVIUAS&qs={}&cid=7176067","text/html","403","","Non-Indexable","Client Error","","118","","https://blackbird.docstation.co/?p=%2Fblog%2Fmeet-samm&h=https%3A%2F%2Fdocstation.co&r=&sid=HOTVIUAS&qs=%7B%7D&cid=7176067"
"https://blackbird.docstation.co/?p=%2Flegal%2Fapi-terms-of-service&h=https%3A%2F%2Fdocstation.co&r=&sid=HOTVIUAS&qs={}&cid=10964680","text/html","403","","Non-Indexable","Client Error","","131","","https://blackbird.docstation.co/?p=%2Flegal%2Fapi-terms-of-service&h=https%3A%2F%2Fdocstation.co&r=&sid=HOTVIUAS&qs=%7B%7D&cid=10964680"
"https://blackbird.docstation.co/?p=%2Flegal%2Fbusiness-associate-agreement&h=https%3A%2F%2Fdocstation.co&r=&sid=HOTVIUAS&qs={}&cid=2955710","text/html","403","","Non-Indexable","Client Error","","138","","https://blackbird.docstation.co/?p=%2Flegal%2Fbusiness-associate-agreement&h=https%3A%2F%2Fdocstation.co&r=&sid=HOTVIUAS&qs=%7B%7D&cid=2955710"
"https://blackbird.docstation.co/?p=%2Fsolutions&h=https%3A%2F%2Fdocstation.co&r=&sid=HOTVIUAS&qs={}&cid=21307840","text/html","403","","Non-Indexable","Client Error","","112","","https://blackbird.docstation.co/?p=%2Fsolutions&h=https%3A%2F%2Fdocstation.co&r=&sid=HOTVIUAS&qs=%7B%7D&cid=21307840"
"https://blackbird.docstation.co/?p=%2Fblog%2Fmeet-john&h=https%3A%2F%2Fdocstation.co&r=&sid=HOTVIUAS&qs={}&cid=1257852","text/html","403","","Non-Indexable","Client Error","","118","","https://blackbird.docstation.co/?p=%2Fblog%2Fmeet-john&h=https%3A%2F%2Fdocstation.co&r=&sid=HOTVIUAS&qs=%7B%7D&cid=1257852"
"https://blackbird.docstation.co/?p=%2Fsolutions%2Fpharmacies&h=https%3A%2F%2Fdocstation.co&r=&sid=HOTVIUAS&qs={}&cid=22186913","text/html","403","","Non-Indexable","Client Error","","125","","https://blackbird.docstation.co/?p=%2Fsolutions%2Fpharmacies&h=https%3A%2F%2Fdocstation.co&r=&sid=HOTVIUAS&qs=%7B%7D&cid=22186913"
"https://blackbird.docstation.co/?p=%2Fsolutions%2Fmedicaid&h=https%3A%2F%2Fdocstation.co&r=&sid=HOTVIUAS&qs={}&cid=31796471","text/html","403","","Non-Indexable","Client Error","","123","","https://blackbird.docstation.co/?p=%2Fsolutions%2Fmedicaid&h=https%3A%2F%2Fdocstation.co&r=&sid=HOTVIUAS&qs=%7B%7D&cid=31796471"
"https://blackbird.docstation.co/?p=%2Fblog%2Fmeet-christine&h=https%3A%2F%2Fdocstation.co&r=&sid=HOTVIUAS&qs={}&cid=98839297","text/html","403","","Non-Indexable","Client Error","","124","","https://blackbird.docstation.co/?p=%2Fblog%2Fmeet-christine&h=https%3A%2F%2Fdocstation.co&r=&sid=HOTVIUAS&qs=%7B%7D&cid=98839297"
"https://blackbird.docstation.co/?p=%2Fblog&h=https%3A%2F%2Fdocstation.co&r=&sid=HOTVIUAS&qs={}&cid=47108559","text/html","403","","Non-Indexable","Client Error","","107","","https://blackbird.docstation.co/?p=%2Fblog&h=https%3A%2F%2Fdocstation.co&r=&sid=HOTVIUAS&qs=%7B%7D&cid=47108559"
"https://blackbird.docstation.co/?p=%2Fblog%2Fwhy-pharmacist-provider-status-is-inevitable&h=https%3A%2F%2Fdocstation.co&r=&sid=HOTVIUAS&qs={}&cid=99144602","text/html","403","","Non-Indexable","Client Error","","154","","https://blackbird.docstation.co/?p=%2Fblog%2Fwhy-pharmacist-provider-status-is-inevitable&h=https%3A%2F%2Fdocstation.co&r=&sid=HOTVIUAS&qs=%7B%7D&cid=99144602"
"https://blackbird.docstation.co/?p=%2Ffeatures%2Fclinical-intelligence&h=https%3A%2F%2Fdocstation.co&r=&sid=HOTVIUAS&qs={}&cid=78616850","text/html","403","","Non-Indexable","Client Error","","135","","https://blackbird.docstation.co/?p=%2Ffeatures%2Fclinical-intelligence&h=https%3A%2F%2Fdocstation.co&r=&sid=HOTVIUAS&qs=%7B%7D&cid=78616850"
"https://blackbird.docstation.co/?p=%2Fsolutions%2Fmedicare&h=https%3A%2F%2Fdocstation.co&r=&sid=HOTVIUAS&qs={}&cid=55589024","text/html","403","","Non-Indexable","Client Error","","123","","https://blackbird.docstation.co/?p=%2Fsolutions%2Fmedicare&h=https%3A%2F%2Fdocstation.co&r=&sid=HOTVIUAS&qs=%7B%7D&cid=55589024"
"https://blackbird.docstation.co/?p=%2Fblog&h=https%3A%2F%2Fdocstation.co&r=&sid=HOTVIUAS&qs={}&cid=15436194","text/html","403","","Non-Indexable","Client Error","","107","","https://blackbird.docstation.co/?p=%2Fblog&h=https%3A%2F%2Fdocstation.co&r=&sid=HOTVIUAS&qs=%7B%7D&cid=15436194"
"https://blackbird.docstation.co/?p=%2Fblog%2Fthe-freecare-plan-for-pharmacists&h=https%3A%2F%2Fdocstation.co&r=&sid=HOTVIUAS&qs={}&cid=97045405","text/html","403","","Non-Indexable","Client Error","","143","","https://blackbird.docstation.co/?p=%2Fblog%2Fthe-freecare-plan-for-pharmacists&h=https%3A%2F%2Fdocstation.co&r=&sid=HOTVIUAS&qs=%7B%7D&cid=97045405"
"https://blackbird.docstation.co/?p=%2Flegal%2Fprivacy-policy&h=https%3A%2F%2Fdocstation.co&r=&sid=HOTVIUAS&qs={}&cid=69725232","text/html","403","","Non-Indexable","Client Error","","125","","https://blackbird.docstation.co/?p=%2Flegal%2Fprivacy-policy&h=https%3A%2F%2Fdocstation.co&r=&sid=HOTVIUAS&qs=%7B%7D&cid=69725232"
"https://blackbird.docstation.co/?p=%2Ffeatures%2Fbilling-revenue&h=https%3A%2F%2Fdocstation.co&r=&sid=HOTVIUAS&qs={}&cid=52426562","text/html","403","","Non-Indexable","Client Error","","129","","https://blackbird.docstation.co/?p=%2Ffeatures%2Fbilling-revenue&h=https%3A%2F%2Fdocstation.co&r=&sid=HOTVIUAS&qs=%7B%7D&cid=52426562"
"https://blackbird.docstation.co/?p=%2Fblog%2Fdocstations-tour-de-pharmacies-2018&h=https%3A%2F%2Fdocstation.co&r=&sid=HOTVIUAS&qs={}&cid=59525256","text/html","403","","Non-Indexable","Client Error","","145","","https://blackbird.docstation.co/?p=%2Fblog%2Fdocstations-tour-de-pharmacies-2018&h=https%3A%2F%2Fdocstation.co&r=&sid=HOTVIUAS&qs=%7B%7D&cid=59525256"
"https://blackbird.docstation.co/?p=%2Fblog%2Fmeet-samm&h=https%3A%2F%2Fdocstation.co&r=&sid=HOTVIUAS&qs={}&cid=85214146","text/html","403","","Non-Indexable","Client Error","","119","","https://blackbird.docstation.co/?p=%2Fblog%2Fmeet-samm&h=https%3A%2F%2Fdocstation.co&r=&sid=HOTVIUAS&qs=%7B%7D&cid=85214146"
"https://blackbird.docstation.co/?p=%2Ffeatures%2Fbilling-revenue&h=https%3A%2F%2Fdocstation.co&r=&sid=HOTVIUAS&qs={}&cid=69901883","text/html; charset=UTF-8","200","","Indexable","","86707e4369f60afedcafb16050a7618","129","","https://blackbird.docstation.co/?p=%2Ffeatures%2Fbilling-revenue&h=https%3A%2F%2Fdocstation.co&r=&sid=HOTVIUAS&qs=%7B%7D&cid=69901883"
"https://blackbird.docstation.co/?p=%2Fblog%2Fleveraging-technology-for-value-based-pharmacy-models&h=https%3A%2F%2Fdocstation.co&r=&sid=HOTVIUAS&qs={}&cid=3781166","text/html","403","","Non-Indexable","Client Error","","162","","https://blackbird.docstation.co/?p=%2Fblog%2Fleveraging-technology-for-value-based-pharmacy-models&h=https%3A%2F%2Fdocstation.co&r=&sid=HOTVIUAS&qs=%7B%7D&cid=3781166"
"https://blackbird.docstation.co/?p=%2Fblog%2Fdocstation-partners-with-one-rx-to-combat-opioid-misuse-in-north-dakota&h=https%3A%2F%2Fdocstation.co&r=&sid=HOTVIUAS&qs={}&cid=33583670","text/html","403","","Non-Indexable","Client Error","","181","","https://blackbird.docstation.co/?p=%2Fblog%2Fdocstation-partners-with-one-rx-to-combat-opioid-misuse-in-north-dakota&h=https%3A%2F%2Fdocstation.co&r=&sid=HOTVIUAS&qs=%7B%7D&cid=33583670"
"https://blackbird.docstation.co/?p=%2Fblog%2Flessons-from-the-road&h=https%3A%2F%2Fdocstation.co&r=&sid=HOTVIUAS&qs={}&cid=10548292","text/html","403","","Non-Indexable","Client Error","","131","","https://blackbird.docstation.co/?p=%2Fblog%2Flessons-from-the-road&h=https%3A%2F%2Fdocstation.co&r=&sid=HOTVIUAS&qs=%7B%7D&cid=10548292"
"https://blackbird.docstation.co/?p=%2Fsolutions%2Fmedicare&h=https%3A%2F%2Fdocstation.co&r=&sid=HOTVIUAS&qs={}&cid=3847929","text/html","403","","Non-Indexable","Client Error","","122","","https://blackbird.docstation.co/?p=%2Fsolutions%2Fmedicare&h=https%3A%2F%2Fdocstation.co&r=&sid=HOTVIUAS&qs=%7B%7D&cid=3847929"
"https://blackbird.docstation.co/?p=%2Fblog%2Fthe-pharmacist-ecare-plan&h=https%3A%2F%2Fdocstation.co&r=&sid=HOTVIUAS&qs={}&cid=69629179","text/html","403","","Non-Indexable","Client Error","","135","","https://blackbird.docstation.co/?p=%2Fblog%2Fthe-pharmacist-ecare-plan&h=https%3A%2F%2Fdocstation.co&r=&sid=HOTVIUAS&qs=%7B%7D&cid=69629179"
"https://blackbird.docstation.co/?p=%2Ffeatures&h=https%3A%2F%2Fdocstation.co&r=&sid=HOTVIUAS&qs={}&cid=81908466","text/html","403","","Non-Indexable","Client Error","","111","","https://blackbird.docstation.co/?p=%2Ffeatures&h=https%3A%2F%2Fdocstation.co&r=&sid=HOTVIUAS&qs=%7B%7D&cid=81908466"
"https://blackbird.docstation.co/?p=%2Flegal%2Fresponsible-disclosure&h=https%3A%2F%2Fdocstation.co&r=&sid=HOTVIUAS&qs={}&cid=9713909","text/html","403","","Non-Indexable","Client Error","","132","","https://blackbird.docstation.co/?p=%2Flegal%2Fresponsible-disclosure&h=https%3A%2F%2Fdocstation.co&r=&sid=HOTVIUAS&qs=%7B%7D&cid=9713909"
