source,destination,anchor,ideal_anchor_text,string_Similarity
https://docstation.co/features/clinical-intelligence,https://docstation.co/features/clinical-intelligence,Clinical Intelligence,pharmacy data analytics,10%
https://docstation.co/company,https://docstation.co/features/clinical-intelligence,Clinical Intelligence,pharmacy data analytics,10%
https://docstation.co/security,https://docstation.co/features/clinical-intelligence,Clinical Intelligence,pharmacy data analytics,10%
https://docstation.co/features/billing-revenue,https://docstation.co/features/clinical-intelligence,Clinical Intelligence,pharmacy data analytics,10%
https://docstation.co/,https://docstation.co/features/clinical-intelligence,Gain insight with DocStation,pharmacy data analytics,13%
https://docstation.co/,https://docstation.co/features/clinical-intelligence,Clinical Intelligence,pharmacy data analytics,10%
https://docstation.co/solutions,https://docstation.co/features/clinical-intelligence,Clinical Intelligence,pharmacy data analytics,10%
https://docstation.co/solutions/employers,https://docstation.co/features/clinical-intelligence,Learn More,pharmacy data analytics,7%
https://docstation.co/solutions/employers,https://docstation.co/features/clinical-intelligence,Clinical Intelligence,pharmacy data analytics,10%
https://docstation.co/solutions/medicare,https://docstation.co/features/clinical-intelligence,Learn More,pharmacy data analytics,7%
https://docstation.co/solutions/medicare,https://docstation.co/features/clinical-intelligence,Clinical Intelligence,pharmacy data analytics,10%
https://docstation.co/features/connectivity-integration,https://docstation.co/features/clinical-intelligence,Clinical Intelligence,pharmacy data analytics,10%
https://docstation.co/features/patient-case-management,https://docstation.co/features/clinical-intelligence,Clinical Intelligence,pharmacy data analytics,10%
https://docstation.co/solutions/medicaid,https://docstation.co/features/clinical-intelligence,Learn More,pharmacy data analytics,7%
https://docstation.co/solutions/medicaid,https://docstation.co/features/clinical-intelligence,Clinical Intelligence,pharmacy data analytics,10%
https://docstation.co/features/value-based-pharmacy,https://docstation.co/features/clinical-intelligence,Clinical Intelligence,pharmacy data analytics,10%
https://docstation.co/solutions/health-plans,https://docstation.co/features/clinical-intelligence,Learn More,pharmacy data analytics,7%
https://docstation.co/solutions/health-plans,https://docstation.co/features/clinical-intelligence,Clinical Intelligence,pharmacy data analytics,10%
https://docstation.co/solutions/pharmacies,https://docstation.co/features/clinical-intelligence,Learn More,pharmacy data analytics,7%
https://docstation.co/solutions/pharmacies,https://docstation.co/features/clinical-intelligence,Clinical Intelligence,pharmacy data analytics,10%
https://docstation.co/features,https://docstation.co/features/clinical-intelligence,Learn More,pharmacy data analytics,7%
https://docstation.co/features,https://docstation.co/features/clinical-intelligence,Clinical Intelligence,pharmacy data analytics,10%
https://docstation.co/features/clinical-intelligence,https://docstation.co/features/billing-revenue,Payments & Revenue,pharmacy billing,0%
https://docstation.co/company,https://docstation.co/features/billing-revenue,Payments & Revenue,pharmacy billing,0%
https://docstation.co/security,https://docstation.co/features/billing-revenue,Payments & Revenue,pharmacy billing,0%
https://docstation.co/features/billing-revenue,https://docstation.co/features/billing-revenue,Payments & Revenue,pharmacy billing,0%
https://docstation.co/,https://docstation.co/features/billing-revenue,Get paid with DocStation,pharmacy billing,0%
https://docstation.co/,https://docstation.co/features/billing-revenue,Payments & Revenue,pharmacy billing,0%
https://docstation.co/solutions,https://docstation.co/features/billing-revenue,Payments & Revenue,pharmacy billing,0%
https://docstation.co/solutions/employers,https://docstation.co/features/billing-revenue,Payments & Revenue,pharmacy billing,0%
https://docstation.co/solutions/medicare,https://docstation.co/features/billing-revenue,Learn More,pharmacy billing,9%
https://docstation.co/solutions/medicare,https://docstation.co/features/billing-revenue,Payments & Revenue,pharmacy billing,0%
https://docstation.co/features/connectivity-integration,https://docstation.co/features/billing-revenue,Payments & Revenue,pharmacy billing,0%
https://docstation.co/features/patient-case-management,https://docstation.co/features/billing-revenue,Payments & Revenue,pharmacy billing,0%
https://docstation.co/solutions/medicaid,https://docstation.co/features/billing-revenue,Learn More,pharmacy billing,9%
https://docstation.co/solutions/medicaid,https://docstation.co/features/billing-revenue,Payments & Revenue,pharmacy billing,0%
https://docstation.co/features/value-based-pharmacy,https://docstation.co/features/billing-revenue,Payments & Revenue,pharmacy billing,0%
https://docstation.co/solutions/health-plans,https://docstation.co/features/billing-revenue,Learn More,pharmacy billing,9%
https://docstation.co/solutions/health-plans,https://docstation.co/features/billing-revenue,Payments & Revenue,pharmacy billing,0%
https://docstation.co/solutions/pharmacies,https://docstation.co/features/billing-revenue,Learn More,pharmacy billing,9%
https://docstation.co/solutions/pharmacies,https://docstation.co/features/billing-revenue,Payments & Revenue,pharmacy billing,0%
https://docstation.co/features,https://docstation.co/features/billing-revenue,Learn More,pharmacy billing,9%
https://docstation.co/features,https://docstation.co/features/billing-revenue,Payments & Revenue,pharmacy billing,0%
https://docstation.co/features/clinical-intelligence,https://docstation.co/features/value-based-pharmacy,Value-based Care,value based care pharmacy,51%
https://docstation.co/company,https://docstation.co/features/value-based-pharmacy,Value-based Care,value based care pharmacy,51%
https://docstation.co/security,https://docstation.co/features/value-based-pharmacy,Value-based Care,value based care pharmacy,51%
https://docstation.co/features/billing-revenue,https://docstation.co/features/value-based-pharmacy,Value-based Care,value based care pharmacy,51%
https://docstation.co/,https://docstation.co/features/value-based-pharmacy,Learn More about Value-Based Pharmacy,value based care pharmacy,52%
https://docstation.co/,https://docstation.co/features/value-based-pharmacy,Value-based Care,value based care pharmacy,51%
https://docstation.co/solutions,https://docstation.co/features/value-based-pharmacy,Value-based Care,value based care pharmacy,51%
https://docstation.co/solutions/employers,https://docstation.co/features/value-based-pharmacy,Learn More,value based care pharmacy,13%
https://docstation.co/solutions/employers,https://docstation.co/features/value-based-pharmacy,Value-based Care,value based care pharmacy,51%
https://docstation.co/solutions/medicare,https://docstation.co/features/value-based-pharmacy,Learn More,value based care pharmacy,13%
https://docstation.co/solutions/medicare,https://docstation.co/features/value-based-pharmacy,Value-based Care,value based care pharmacy,51%
https://docstation.co/features/connectivity-integration,https://docstation.co/features/value-based-pharmacy,Value-based Care,value based care pharmacy,51%
https://docstation.co/features/patient-case-management,https://docstation.co/features/value-based-pharmacy,Value-based Care,value based care pharmacy,51%
https://docstation.co/solutions/medicaid,https://docstation.co/features/value-based-pharmacy,Learn More,value based care pharmacy,13%
https://docstation.co/solutions/medicaid,https://docstation.co/features/value-based-pharmacy,Value-based Care,value based care pharmacy,51%
https://docstation.co/features/value-based-pharmacy,https://docstation.co/features/value-based-pharmacy,Value-based Care,value based care pharmacy,51%
https://docstation.co/solutions/health-plans,https://docstation.co/features/value-based-pharmacy,Learn More,value based care pharmacy,13%
https://docstation.co/solutions/health-plans,https://docstation.co/features/value-based-pharmacy,Value-based Care,value based care pharmacy,51%
https://docstation.co/solutions/pharmacies,https://docstation.co/features/value-based-pharmacy,Learn More,value based care pharmacy,13%
https://docstation.co/solutions/pharmacies,https://docstation.co/features/value-based-pharmacy,Value-based Care,value based care pharmacy,51%
https://docstation.co/features,https://docstation.co/features/value-based-pharmacy,Learn More,value based care pharmacy,13%
https://docstation.co/features,https://docstation.co/features/value-based-pharmacy,Value-based Care,value based care pharmacy,51%
https://docstation.co/features/clinical-intelligence,https://docstation.co/solutions/pharmacies,For Pharmacies,pharmacy software,37%
https://docstation.co/company,https://docstation.co/solutions/pharmacies,For Pharmacies,pharmacy software,37%
https://docstation.co/security,https://docstation.co/solutions/pharmacies,For Pharmacies,pharmacy software,37%
https://docstation.co/features/billing-revenue,https://docstation.co/solutions/pharmacies,For Pharmacies,pharmacy software,37%
https://docstation.co/,https://docstation.co/solutions/pharmacies,Clinical pharmacy with DocStation,pharmacy software,31%
https://docstation.co/,https://docstation.co/solutions/pharmacies,For Pharmacies,pharmacy software,37%
https://docstation.co/solutions,https://docstation.co/solutions/pharmacies,For Pharmacies,pharmacy software,37%
https://docstation.co/solutions/employers,https://docstation.co/solutions/pharmacies,For Pharmacies,pharmacy software,37%
https://docstation.co/solutions/medicare,https://docstation.co/solutions/pharmacies,For Pharmacies,pharmacy software,37%
https://docstation.co/features/connectivity-integration,https://docstation.co/solutions/pharmacies,For Pharmacies,pharmacy software,37%
https://docstation.co/features/patient-case-management,https://docstation.co/solutions/pharmacies,For Pharmacies,pharmacy software,37%
https://docstation.co/solutions/medicaid,https://docstation.co/solutions/pharmacies,For Pharmacies,pharmacy software,37%
https://docstation.co/features/value-based-pharmacy,https://docstation.co/solutions/pharmacies,For Pharmacies,pharmacy software,37%
https://docstation.co/solutions/health-plans,https://docstation.co/solutions/pharmacies,For Pharmacies,pharmacy software,37%
https://docstation.co/solutions/pharmacies,https://docstation.co/solutions/pharmacies,For Pharmacies,pharmacy software,37%
https://docstation.co/features,https://docstation.co/solutions/pharmacies,For Pharmacies,pharmacy software,37%