address,occurrences,meta_description_1,meta_description_1_length,meta_description_1_pixel_width,indexability,indexability_status,id,createdat,company_url,duplicate_meta,missing_meta,meta_too_short,meta_too_long
https://docstation.co/features/clinical-intelligence,1,An intervention for today's pharmacy: DocStation provides a platform for value-based care.,90,574,Indexable,,8,Thu May 12 2022 14:16:27 GMT+0530 (India Standard Time),https://docstation.co,true,false,false,false
https://docstation.co/company,1,An intervention for today's pharmacy: DocStation provides a platform for value-based care.,90,574,Indexable,,11,Thu May 12 2022 14:16:27 GMT+0530 (India Standard Time),https://docstation.co,true,false,false,false
https://docstation.co/security,1,An intervention for today's pharmacy: DocStation provides a platform for value-based care.,90,574,Indexable,,18,Thu May 12 2022 14:16:27 GMT+0530 (India Standard Time),https://docstation.co,true,false,false,false
https://docstation.co/features/billing-revenue,1,An intervention for today's pharmacy: DocStation provides a platform for value-based care.,90,574,Indexable,,25,Thu May 12 2022 14:16:27 GMT+0530 (India Standard Time),https://docstation.co,true,false,false,false
https://docstation.co/,1,An intervention for today's pharmacy: DocStation provides a platform for value-based care.,90,574,Indexable,,27,Thu May 12 2022 14:16:27 GMT+0530 (India Standard Time),https://docstation.co,true,false,false,false
https://docstation.co/solutions,1,An intervention for today's pharmacy: DocStation provides a platform for value-based care.,90,574,Indexable,,33,Thu May 12 2022 14:16:27 GMT+0530 (India Standard Time),https://docstation.co,true,false,false,false
https://docstation.co/solutions/employers,1,An intervention for today's pharmacy: DocStation provides a platform for value-based care.,90,574,Indexable,,37,Thu May 12 2022 14:16:27 GMT+0530 (India Standard Time),https://docstation.co,true,false,false,false
https://docstation.co/solutions/medicare,1,An intervention for today's pharmacy: DocStation provides a platform for value-based care.,90,574,Indexable,,38,Thu May 12 2022 14:16:27 GMT+0530 (India Standard Time),https://docstation.co,true,false,false,false
https://docstation.co/features/connectivity-integration,1,An intervention for today's pharmacy: DocStation provides a platform for value-based care.,90,574,Indexable,,39,Thu May 12 2022 14:16:27 GMT+0530 (India Standard Time),https://docstation.co,true,false,false,false
https://docstation.co/features/patient-case-management,1,An intervention for today's pharmacy: DocStation provides a platform for value-based care.,90,574,Indexable,,41,Thu May 12 2022 14:16:27 GMT+0530 (India Standard Time),https://docstation.co,true,false,false,false
https://docstation.co/solutions/medicaid,1,An intervention for today's pharmacy: DocStation provides a platform for value-based care.,90,574,Indexable,,43,Thu May 12 2022 14:16:27 GMT+0530 (India Standard Time),https://docstation.co,true,false,false,false
https://docstation.co/features/value-based-pharmacy,1,An intervention for today's pharmacy: DocStation provides a platform for value-based care.,90,574,Indexable,,44,Thu May 12 2022 14:16:27 GMT+0530 (India Standard Time),https://docstation.co,true,false,false,false
https://docstation.co/solutions/health-plans,1,An intervention for today's pharmacy: DocStation provides a platform for value-based care.,90,574,Indexable,,46,Thu May 12 2022 14:16:27 GMT+0530 (India Standard Time),https://docstation.co,true,false,false,false
https://docstation.co/solutions/pharmacies,1,An intervention for today's pharmacy: DocStation provides a platform for value-based care.,90,574,Indexable,,49,Thu May 12 2022 14:16:27 GMT+0530 (India Standard Time),https://docstation.co,true,false,false,false
https://docstation.co/features,1,An intervention for today's pharmacy: DocStation provides a platform for value-based care.,90,574,Indexable,,52,Thu May 12 2022 14:16:27 GMT+0530 (India Standard Time),https://docstation.co,true,false,false,false