source,destination,anchor,status_code,type,solution
https://docstation.co/solutions,https://blackbird.docstation.co/?p=%2Fsolutions&h=https%3A%2F%2Fdocstation.co&r=&sid=HOTVIUAS&qs={}&cid=72433086,,403,Hyperlink,Update Broken Link on Source URL or Remove
https://docstation.co/features/value-based-pharmacy,https://blackbird.docstation.co/?p=%2Ffeatures%2Fvalue-based-pharmacy&h=https%3A%2F%2Fdocstation.co&r=&sid=HOTVIUAS&qs={}&cid=43802631,,403,Hyperlink,Update Broken Link on Source URL or Remove
https://docstation.co/solutions/employers,https://blackbird.docstation.co/?p=%2Fsolutions%2Femployers&h=https%3A%2F%2Fdocstation.co&r=&sid=HOTVIUAS&qs={}&cid=26990623,,403,Hyperlink,Update Broken Link on Source URL or Remove
https://docstation.co/features/connectivity-integration,https://blackbird.docstation.co/?p=%2Ffeatures%2Fconnectivity-integration&h=https%3A%2F%2Fdocstation.co&r=&sid=HOTVIUAS&qs={}&cid=64050333,,403,Hyperlink,Update Broken Link on Source URL or Remove
https://docstation.co/features/value-based-pharmacy,https://blackbird.docstation.co/?p=%2Ffeatures%2Fvalue-based-pharmacy&h=https%3A%2F%2Fdocstation.co&r=&sid=HOTVIUAS&qs={}&cid=20534447,,403,Hyperlink,Update Broken Link on Source URL or Remove
https://docstation.co/features/patient-case-management,https://blackbird.docstation.co/?p=%2Ffeatures%2Fpatient-case-management&h=https%3A%2F%2Fdocstation.co&r=&sid=HOTVIUAS&qs={}&cid=35866883,,403,Hyperlink,Update Broken Link on Source URL or Remove
https://docstation.co/features/clinical-intelligence,https://blackbird.docstation.co/?p=%2Ffeatures%2Fclinical-intelligence&h=https%3A%2F%2Fdocstation.co&r=&sid=HOTVIUAS&qs={}&cid=23568666,,403,Hyperlink,Update Broken Link on Source URL or Remove
https://docstation.co/security,https://blackbird.docstation.co/?p=%2Fsecurity&h=https%3A%2F%2Fdocstation.co&r=&sid=HOTVIUAS&qs={}&cid=84167819,,403,Hyperlink,Update Broken Link on Source URL or Remove
https://docstation.co/features/patient-case-management,https://blackbird.docstation.co/?p=%2Ffeatures%2Fpatient-case-management&h=https%3A%2F%2Fdocstation.co&r=&sid=HOTVIUAS&qs={}&cid=30442594,,403,Hyperlink,Update Broken Link on Source URL or Remove
https://docstation.co/company,https://blackbird.docstation.co/?p=%2Fcompany&h=https%3A%2F%2Fdocstation.co&r=&sid=HOTVIUAS&qs={}&cid=6652663,,403,Hyperlink,Update Broken Link on Source URL or Remove
https://docstation.co/solutions/employers,https://blackbird.docstation.co/?p=%2Fsolutions%2Femployers&h=https%3A%2F%2Fdocstation.co&r=&sid=HOTVIUAS&qs={}&cid=21297739,,403,Hyperlink,Update Broken Link on Source URL or Remove
https://docstation.co/features,https://blackbird.docstation.co/?p=%2Ffeatures&h=https%3A%2F%2Fdocstation.co&r=&sid=HOTVIUAS&qs={}&cid=21251033,,403,Hyperlink,Update Broken Link on Source URL or Remove
https://docstation.co/solutions/pharmacies,https://blackbird.docstation.co/?p=%2Fsolutions%2Fpharmacies&h=https%3A%2F%2Fdocstation.co&r=&sid=HOTVIUAS&qs={}&cid=30096848,,403,Hyperlink,Update Broken Link on Source URL or Remove
https://docstation.co/features/connectivity-integration,https://blackbird.docstation.co/?p=%2Ffeatures%2Fconnectivity-integration&h=https%3A%2F%2Fdocstation.co&r=&sid=HOTVIUAS&qs={}&cid=55936580,,403,Hyperlink,Update Broken Link on Source URL or Remove
https://docstation.co/solutions/medicaid,https://blackbird.docstation.co/?p=%2Fsolutions%2Fmedicaid&h=https%3A%2F%2Fdocstation.co&r=&sid=HOTVIUAS&qs={}&cid=19002676,,403,Hyperlink,Update Broken Link on Source URL or Remove
https://docstation.co/solutions,https://blackbird.docstation.co/?p=%2Fsolutions&h=https%3A%2F%2Fdocstation.co&r=&sid=HOTVIUAS&qs={}&cid=21307840,,403,Hyperlink,Update Broken Link on Source URL or Remove
https://docstation.co/solutions/pharmacies,https://blackbird.docstation.co/?p=%2Fsolutions%2Fpharmacies&h=https%3A%2F%2Fdocstation.co&r=&sid=HOTVIUAS&qs={}&cid=22186913,,403,Hyperlink,Update Broken Link on Source URL or Remove
https://docstation.co/solutions/medicaid,https://blackbird.docstation.co/?p=%2Fsolutions%2Fmedicaid&h=https%3A%2F%2Fdocstation.co&r=&sid=HOTVIUAS&qs={}&cid=31796471,,403,Hyperlink,Update Broken Link on Source URL or Remove
https://docstation.co/features/clinical-intelligence,https://blackbird.docstation.co/?p=%2Ffeatures%2Fclinical-intelligence&h=https%3A%2F%2Fdocstation.co&r=&sid=HOTVIUAS&qs={}&cid=78616850,,403,Hyperlink,Update Broken Link on Source URL or Remove
https://docstation.co/solutions/medicare,https://blackbird.docstation.co/?p=%2Fsolutions%2Fmedicare&h=https%3A%2F%2Fdocstation.co&r=&sid=HOTVIUAS&qs={}&cid=55589024,,403,Hyperlink,Update Broken Link on Source URL or Remove
https://docstation.co/features/billing-revenue,https://blackbird.docstation.co/?p=%2Ffeatures%2Fbilling-revenue&h=https%3A%2F%2Fdocstation.co&r=&sid=HOTVIUAS&qs={}&cid=52426562,,403,Hyperlink,Update Broken Link on Source URL or Remove
https://docstation.co/solutions/medicare,https://blackbird.docstation.co/?p=%2Fsolutions%2Fmedicare&h=https%3A%2F%2Fdocstation.co&r=&sid=HOTVIUAS&qs={}&cid=3847929,,403,Hyperlink,Update Broken Link on Source URL or Remove
https://docstation.co/features,https://blackbird.docstation.co/?p=%2Ffeatures&h=https%3A%2F%2Fdocstation.co&r=&sid=HOTVIUAS&qs={}&cid=81908466,,403,Hyperlink,Update Broken Link on Source URL or Remove