source,address,final_address,anchor_text,redirect_type_1,status_code_1,solution
https://docstation.co/features/clinical-intelligence,https://help.docstation.co/,https://help.docstation.co/en/,Support,HTTP Redirect,302,Update link on Source URL so it points to Final URL
https://docstation.co/company,https://help.docstation.co/,https://help.docstation.co/en/,Support,HTTP Redirect,302,Update link on Source URL so it points to Final URL
https://docstation.co/,https://help.docstation.co/,https://help.docstation.co/en/,Support,HTTP Redirect,302,Update link on Source URL so it points to Final URL
https://docstation.co/security,https://help.docstation.co/,https://help.docstation.co/en/,Support,HTTP Redirect,302,Update link on Source URL so it points to Final URL
https://docstation.co/features/billing-revenue,https://help.docstation.co/,https://help.docstation.co/en/,Support,HTTP Redirect,302,Update link on Source URL so it points to Final URL
https://docstation.co/solutions,https://help.docstation.co/,https://help.docstation.co/en/,Support,HTTP Redirect,302,Update link on Source URL so it points to Final URL
https://docstation.co/solutions/employers,https://help.docstation.co/,https://help.docstation.co/en/,Support,HTTP Redirect,302,Update link on Source URL so it points to Final URL
https://docstation.co/solutions/medicare,https://help.docstation.co/,https://help.docstation.co/en/,Support,HTTP Redirect,302,Update link on Source URL so it points to Final URL
https://docstation.co/features/connectivity-integration,https://help.docstation.co/,https://help.docstation.co/en/,Support,HTTP Redirect,302,Update link on Source URL so it points to Final URL
https://docstation.co/features/patient-case-management,https://help.docstation.co/,https://help.docstation.co/en/,Support,HTTP Redirect,302,Update link on Source URL so it points to Final URL
https://docstation.co/solutions/medicaid,https://help.docstation.co/,https://help.docstation.co/en/,Support,HTTP Redirect,302,Update link on Source URL so it points to Final URL
https://docstation.co/features/value-based-pharmacy,https://help.docstation.co/,https://help.docstation.co/en/,Support,HTTP Redirect,302,Update link on Source URL so it points to Final URL
https://docstation.co/solutions/health-plans,https://help.docstation.co/,https://help.docstation.co/en/,Support,HTTP Redirect,302,Update link on Source URL so it points to Final URL
https://docstation.co/solutions/pharmacies,https://help.docstation.co/,https://help.docstation.co/en/,Support,HTTP Redirect,302,Update link on Source URL so it points to Final URL
https://docstation.co/features,https://help.docstation.co/,https://help.docstation.co/en/,Support,HTTP Redirect,302,Update link on Source URL so it points to Final URL