address,first_contentful_paint_time_ms,time_to_interactive_ms,speed_index_time_ms,total_blocking_time_ms,largest_contentful_paint_time_ms,cumulative_layout_shift
https://docstation.co/features/clinical-intelligence,2430.000,11520.500,2764.792,1330.000,2505.000,0.040
https://docstation.co/company,1980.000,6570.000,2081.396,452.500,2430.000,0.000
https://docstation.co/security,1530.000,6597.000,2124.698,469.000,2043.000,0.043
https://docstation.co/features/billing-revenue,2280.000,7499.000,2783.978,492.000,2280.000,0.000
https://docstation.co/,2730.000,24225.500,3486.178,11035.500,2730.000,0.043
https://docstation.co/solutions,2130.000,7097.000,2901.972,537.500,2205.000,0.000
https://docstation.co/solutions/employers,2130.000,6505.000,2394.516,442.500,2130.000,0.000
https://docstation.co/solutions/medicare,2130.000,6804.000,2394.241,705.500,2130.000,0.000
https://docstation.co/features/connectivity-integration,1980.000,10657.000,2456.936,1527.000,1980.000,0.047
https://docstation.co/features/patient-case-management,2580.000,7403.000,2580.000,518.500,2655.000,0.000
https://docstation.co/solutions/medicaid,1980.000,6969.000,2225.859,1097.000,1980.000,0.000
https://docstation.co/features/value-based-pharmacy,1980.000,10039.500,2857.000,1300.500,1980.000,0.000
https://docstation.co/solutions/health-plans,1230.000,6556.000,2013.137,447.000,1380.000,0.000
https://docstation.co/solutions/pharmacies,1830.000,6707.000,2517.109,646.500,2280.000,0.000
https://docstation.co/features,1380.000,7223.500,2717.388,755.500,1530.000,0.000
,average-seconds,average-seconds,average-seconds,average,average-seconds,average
,2.02,8.824866666666667,2.55328,1450.4333333333334,2.1492,0.011533333333333333